"idRefaccion","idClasificacion","pieza","modelo","unidad","costo","ultimo_costo","inventario_inicial","inventario_actual","equipo_armado_refacciones","inventario_fisico","faltante","rutaImagen","notas","estado","codigo","nombreCorto"
1,1,DISPENSADOR AGUA FRIA - TEMPLADA - PARA GARRAFON,Glacial,pieza,,,,,,,,,"Aunque las piezas puedan tener nombres iguales a los nombres de los equipos aca solo son refacciones, ya en algunos casos los equipos se forman con varias refacciones. FRÍA",0,"010-002",
2,2,DEPOSITO DE AGUA 4 L GA-PP (PURIKOR),PK-DEPOSITO4,"1",,,,,,,,,"DISPENSADOR, GRADO ALIMENTICIO. PK DEPOSITO P/4 LITROS PARA DISPENSADOR DE AGUA.",0,"008-008",
3,50,"SISTEMA OSMOSIS INVERSA CON PANTALLA INDICADORA, 5 FILTROS + LUZ UV",HG RO 100-6 UV,pieza,,,,,,,,,"Actualización de significado: Cuando se compra un equipo armado en factura se tiene que desmenuzar por filtros membranas etc, LO QUE QUEDA COMO SISTEMA SON LOS CONECTORES Y LA BASE.
SISTEMA OSMOSIS INVERSA 100 GPD CON PANTALLA INDICADORA, 5 FILTROS + LUZ ",0,"000-001",
4,34,FUENTE DE ALIMENTACION 120V AC/ 24 VDC 1A,S-25-24,"1",,,,,,,,,Switching Power Supply - METALICAS CONVIERTE DE 120 V A 24 VOLTS - SE USA PARA LA ELECTROVALVULA DEL DISPENSADOR DE AGUA,0,"002-016",
5,42,"SOLENOIDE 24V DC CM1/4""",FPD360A,"1",,,,,,,,,"CONEXION MANGUERA, ELECTROVALVULA",0,"002-064",
6,32,SENSOR CAPACITIVO CIRCULAR 12V,XKC-Y25-V 50cm,"1",,,,,,,,,SENSOR CIRCULAR - INTERRUTOR,0,,
7,4,CONECTOR FASTON 250 (AWG 22),TIPO PALA HEMBRA,"1",,,,,,,,,,0,"002-021",
8,4,CONECTOR HEMBRA JST XH2.54 ( 2 PIN ),XHP-2,"1",,,,,,,,,"Conector macho y hembra JST XH2.54, carcasa de cabezal de Pin, 2/3/100 Pines, enchufe de Terminal hembra, carcasas de plástico, 4/5 Uds.",0,"002-024",
9,0,CRIMPING TERMINAL 22 AWG FOR JST,SXH-001T-P0.6,pieza,,,,,,,,,,0,,
10,0,FITTING PASAMURO DE 1/4 X 1/4,CFT-W006,pieza,,,,,,,,,,1,,
11,5,BASE CIRCULAR FIJA DEL CASE SENSORES,SOPORTE,"1",,,,,,,,,PETG - idm,0,"009-015",
12,5,CASE DE SENSORES 12V CIRCULARES,"3D",pieza,,,,,,,,,"ES PARTE DEL ENSAMBLE DEL CONTROLADOR DE NIVEL DE AGUA, CUERPO DEL CASE SENSORES",0,,
13,0,TAPA INFERIOR CASE SENSORES,,pieza,,,,,,,,,,0,,
14,4,CONECTOR CABLE MACHO (PLUG INFERIOR CASE SENSORES),,"1",,,,,,,,,,0,"002-023",
15,5,TAPA FRONTAL CASE SENSORES,"3D",pieza,,,,,,,,,,0,,
16,0,SUJETADOR SUPERIOR DEL CASE SENSORES,,pieza,,,,,,,,,,0,,
17,5,CASE CONTROL DE NIVEL ARMADOS,IDM,pieza,,,,,,,,,"ES EL ESTUCHE O CAJA DE LA PLACA DE CONTROL O CONTROLADORA DE NIVEL, ",0,"009-014",
18,0,ENSAMBLE PLACA CONTROLADORA,,pieza,,,,,,,,,,0,,
19,6,TORNILLO PLANO AVELLANADO ALLEN INOX M3X10,XAPM03010,"1",,,,,,,,,,0,,
20,6,TORNILLO ALLEN CILINDRICO INOX CUERDA METRICA M3X16,XACM03016,"1",,,,,,,,,,0,,
21,0,TUERCA INOX M3,XNM03,pieza,,,,,,,,,,0,,
22,6,TORNILLO BOTON ALLEN INOX METRICA M3X10,XABM03010,"1",,,,,,,,,,0,,
23,8,"MANGUERA 1/4"" FITTING AZUL - PE ","607656","3",,,,,,,,,,0,"008-004",
24,0,CABLE AWG 22,,metro,,,,,,,,,,0,,
25,44,OZONIFICADOR 400MG,"301F","1",,,,,,,,,AMBOHR C-D 301F 24V 400MG LOW NOISE RESIDENTIAL AIR CLEANER OZONE GENERATOR,0,"002-057",
26,1,DISPENSADOR DE AGUA FRÍA - CALIENTE - SIN GARRAFON,HERESUF-20,pieza,,,,,,,,,"SIN GARRAFON, NO GARRAFON, AQUAMX, CONEXION DIRECTA",0,"010-003",
27,47,LAMPARA UV 24V 1W - HIDROGREEN,R-HG-UV-12W,"1",,,,,,,,,"LÁMPARA ULTRA VIOLETA DE 1 WATTS ÓSMOSIS- , ULTRAFILTRACIÓN Y FILTRACIÓN BÁSICA",0,"005-013",UV-12W
28,10,"FILTRO (T33) 10"" EN LINEA","607689","1",,,,,,,,,"CARTUCHO DE CARBÓN ACTIVADO GRANULAR EN LÍNEA, SIRVE PARA CAMBIAR EL SABOR DEL AGUA, PKCCAL2.5X10, ",0,"004-045","T33-10"""
29,10,"FILTRO (CTO) DE 2.5"" X 10"" - 5 MICRAS","607688","1",,,,,,,,,"CARTUCHO DE CARBÓN ACTIVADO BLOCK, PKCCTO2.5X10X5 ",0,"004-010","CTO-2.5*10"""
30,10,"FILTRO (GAC) DE 2.5"" X 10"" DE 5 MICRAS","607687","1",,,,,,,,,"CARTUCHO DE CARBÓN ACTIVADO GRANULAR, PKCGAC2.5X10, 607687",0,"004-003","GAC-2.5*10"""
31,10,"FILTRO 5 MICRAS (PP) DE 2.5"" X 10""","607686","1",,,,,,,,,"CARTUCHO , TERMOFUSIONADO, DE POLIPROPILENO, POLYSPUN",0,"004-012","PP-2.5*10"""
32,51,MEMBRANA 100 GPD - 2012,"607674","1",,,,,,,,,"PARA SISTEMAS ÓSMOSIS INVERSA, RESIDENCIAL, HG-M100G 330 MM LARGO, 607675",0,"004-031",MEM-100
33,20,"GRIFO TIPO EMPUJE AGUA FRIA, ROSCA HEMBRA",,"1",,,,,,,,,LLAVE DE PLASTICO ,0,"001-039",
34,20,"GRIFO TIPO EMPUJE AGUA TEMPLADA, DISPENSADOR GLACIAL",,pieza,,,,,,,,,LLAVE DE PLASTICO ,0,,
35,20,"GRIFO TIPO EMPUJE AGUA CALIENTE, ROSCA HEMBRA",,"1",,,,,,,,,LLAVE DE PLASTICO,0,"001-038",
36,12,BOMBA DE AGUA 260F 12V,"385 - 14150","1",,,,,,,,,,0,"003-007",
37,34,FUENTE DE ALIMENTACION 120V AC/ 12 VDC - 2.5A,"12V2.5A","1",,,,,,,,,ADAPTADOR DE VOLTAJE DC MKS 120250US36 2.5A 12V,0,,
38,18,CODO 2RM 1/4 - PLASTICO,"2 VIAS",pieza,,,,,,,,,"RM=ROSCA MACHO, ROSCA EXTERIOR.",0,,
39,0,CAJA PARA CANALETA UNIVERSAL,,pieza,,,,,,,,,,0,,
40,4,CONTACTO DOBLE CON TIERRA ATERRIZADO,"46103","1",,,,,,,,,SCDV H87 ECOSODA H87,0,"002-013",
41,19,"CONECTOR CM 1/4"" A CM 3/8"" LINEAL - PLASTICO","2 VIAS","1",,,,,,,,,"CONECTOR CM 1/4"" A CM 3/8"" LINEAL - PLASTICO",0,"001-053",
42,9,CABLE CORDON POT 2*14,TCDU1450H87,"3",,,,,,,,,"CABLE DOBLE, DOS LINEAS",0,"002-095",
43,0,PLACA DUPLEX MARFIL,,pieza,,,,,,,,,,0,,
44,55,SERVICIO,,"10",,,,,,,,,,0,,
45,13,TANQUE PRESURIZADO 12 LITROS - ACERO,"607673","1",,,,,,,,,"TANQUE DE ALMACENAMIENTO DE AGUA, TANQUE P/RO 3.2G METALICO
R-PK-T-3.2G",0,"007-006",
46,0,GRIFO DE ENFRIADOR AGUA,,pieza,,,,,,,,,,0,,
47,55,PIEDRA POROSA DE BURBUJA DE AIRE PARA OZONO GRIS,"","1",,,,,,,,,PIEDRA POROSA DE BURBUJA DE AIRE PARA OZONO,0,"002-028",
48,40,TEMPORIZADOR 24V - TIMER DIGITAL,CN 101A,"1",,,,,,,,,CN 101A SMALL MICROCUMPUTER TIME CONTRL SWITCH POWER SUPPLY DIGITAL TIMER 24V,0,"002-001",
49,0,CABLE AWG 28,,metro,,,,,,,,,,0,,
50,4,SWITCH 2 POSICIONES 16A,,"1",,,,,,,,,"250V AC 16A 2 Position ON/OFF KCD1 Boat Rocker Switch",0,"002-027",
51,6,TORNILLO BOTON ALLEN INOX METRICA M3X6,M3,pieza,,,,,,,,,,0,,
52,0,CONTROLADOR ELECTRONICO NIVEL DE AGUA,,pieza,,,,,,,,,CASE,0,,
53,13,TANQUE PRESURIZADO 75 LITROS - ACERO,,"1",,,,,,,,,TANQUE DE ALMACENAMIENTO DE AGUA ,0,"007-011",
54,51,MEMBRANA 400 GDP - 3012,"3012","1",,,,,,,,,"PARA SISTEMAS ÓSMOSIS INVERSA, INDUSTRIAL, AMERICANO o ANCHO",0,"004-029",MEM-400
55,50,"SISTEMA OSMOSIS INVERSA 400 GPD CON PANTALLA INDICADORA, 5 FILTROS + LUZ UV",,"1",,,,,,,,,,0,,
56,0,EXTENSIÓN ELECTRICA DE USO RUDO 4MTS CALIBRE 16 VOLTECK,,pieza,,,,,,,,,,0,,
57,13,TANQUE HIDRO WELL-MATE FIBRA DE VIDRIO 20 GL - 75 LITROS,"20141902","1",,,,,,,,,,0,"007-009",
58,56,BALASTRO LAMPARA UV DE 110V/ 14 WATTS ,"12W - 16W","1",,,,,,,,,HIDRO GREEN - CORONAWATER - EB-G16 - LÁMPARA,0,"005-003",
59,0,ANÁLISIS MICROBIOLÓGICOS,,servicio,,,,,,,,,,0,,
60,8,"MANGUERA 1/4"" FITTING BLANCA - PE ","608272","3",,,,,,,,,,0,"008-001",
61,30,CONTROL DE NIVEL - PLACA ,Gerber_PCB,pieza,,,,,,,,," CONTROLADORA PCB, ES LA PLACA DE COPNTROL DE NIVEL ECHA POR EL ELING CARLOS PARRA Y MANDADA A MAQUILAR A CHINA",0,,
62,0,KIT DETERMINAR DUREZA DEL AGUA KIT QUÍMICO DE PRUEBAS PARA DUREZA TOTAL DE AGUA,,pieza,,,,,,,,,,0,,
63,0,MEDIDOR DE PH PURIKOR CON ESTUCHE MEDIDOR DE CONDUCTIVIDAD Y TEMPER ATURA,,pieza,,,,,,,,,,0,,
64,18,"CODO CM 1/4"" A RME 1/4"" - PLASTICO","1003","1",,,,,,,,,"CM=CONEXION MANGUERA, RME=ROSCA MACHO CON EMPAQUE U O-RING",0,"001-005",
65,18,"CODO CM 1/4"" A TO 1/4"" - PLASTICO","1004","1",,,,,,,,,"HDF-PE0404 CODIGO HIDROGREEN
CM= CONEXION MANGUERA, TO=TUBO
CODO DE TUBING 1/4"" X 1/4"" CON VÁSTAGO",0,"001-013",
66,11,"VALVULA ESFERA CM 1/4"" A RM 1/4"" - PLASTICO","1001","1",,,,,,,,,"LLAVE, CM=CONEXION MANGUERA, RM=ROSCA MACHO o EXTERIOR.",0,"",
67,37,MANGA DE CUARZO PARA LAMPARA UV HIDROGREEN,R-PKCUARZO-1,"1",,,,,,,,,"LAMPARA UV, FOCO, PIEZA EN LA CUAL SE INSERTA LA LAMPARA UV PARA QUE NO SE MOJE LA LAMPARA",0,"",
68,47,SISTEMA DE DESINFECCIÓN UV DE 12W - CON LAMPARA UV,HG-UV-I GPM,"1",,,,,,,,,DESINFECCION CON LAMPARA UV IGPM 12 WATTS HIDROGREEN,0,"",
69,19,"TEE 2TO 1/4"" A RM 1/4""","3 VIAS",pieza,,,,,,,,,"ADAPTADOR TIPO ""T"" PARA OSMOSIS INVERSA DE 100G Y 400G (RM1/4"", T1/4"", T1/4""), TO=TUBO o TUBBIN",0,,
70,14,"TEE 2CM 1/4"" A RME 1/4"" - PLASTICO","3 VIAS",pieza,,,,,,,,,"2 CM=2 CONEXIONES MANGUERA UNA ENMEDIO Y OTRA EN LA PUNTA TIPO L O TIPO CODO, RM=ROSCA MACHO o EXTERIOR.",0,,
71,0,"DIVISOR DE DOS VÍAS DE TUBING 1/4"" X 1/4""",,pieza,,,,,,,,,,0,,
72,61,PANTALLA TDS PARA MAQUINA DE AGUA (PLACA DE CONTROL) PARA UN SENSOR,"607788","1",,,,,,,,,MICROCONTROLADOR LCD  ÓSMOSIS INVERSA DE 100 GPD - SINGLE-TDS,0,"002-015",
73,0,"CODO PVC 1"" ROSCA HEMBRA AMBOS LADOS",,pieza,,,,,,,,,,0,,
74,11,"VALVULA ESFERA CM 1/4"" A RH 1/2"" - PLASTICO","2 VIAS","1",,,,,,,,,"LLAVE CM=CONEXION MANGUERA, RH=ROSCA HEMBRA",0,"001-047",
75,11,VALVULA ESFERA CM 1/4 A RM 1/2 - PLÁSTICO,"2 VIAS",pieza,,,,,,,,,"LLAVE DE PASO, VÁLVULA DE BOLA, CM=CONEXIÓN MANGUERA, RM=ROSCA MACHO",1,,
76,16,"CONECTOR RM DE 1"" A RM 1/2"" - PVC","2 VIAS","1",,,,,,,,,"REDUCTOR PVC DE 1"" PULGADA A MEDIA "" (AMBAS ENTRADAS MACHOS)",0,"001-073",
77,16,"REDUCTOR CONECTOR RH 1""  A RH 1/2"" - PVC",UNION,"1",,,,,,,,,"RH= ROSCA HEMBRA o ROSCA INTERNA, REDUCCION BUSHING, PREGUNTAR A MANUEL",0,,
78,17,"TAPON RM 1/2"" PVC",VTR1/2,"1",,,,,,,,,RM=ROSCA MACHO,0,"001-076",
79,17,"TAPON RH 1/2"" PVC",,"1",,,,,,,,,RH=ROSCA HEMBRA o ROSCA INTERA,0,"001-074",
80,8,MANGUERA DE SILICON RESISTENTE A LA CORROSION TRANSPARENTE,,"1",,,,,,,,,"CORROSIÓN, SE USA LLEVAR EL OZONO A LOS DEPOSITOS DE LOS DISPENSADORES.",0,"008-007",
81,0,CONECTOR RÁPIDO DE CABLE FLEXIBLE Y DURO,,pieza,,,,,,,,,,1,,
82,4,CAPUCHON GRANDE PONCHA CABLE,CE5,"1",,,,,,,,,"tapas de crimpado de extremo cerrado, juego de terminales de Cable eléctrico, conectores AWG 12-10 16-14 22-16",0,"002-052",
83,6,PIJA 9 MM,,"1",,,,,,,,,,0,,
84,5,CLIP DE PLASTICO PARA TORNILLO 3M,,pieza,,,,,,,,,"Hecho en 3d, SIRVE PARA SOSTENER EL CONTROL DE NIVEL",0,,
85,5,BASE DE TEMPORIZADOR ( 2PIEZAS ),,pieza,,,,,,,,,,0,,
86,23,DIVISOR YEE DE  4/7 MM,"3 VIAS","1",,,,,,,,,"Divisores de manguera de riego de jardín, Conector de 3 vías, sistema de riego por goteo, junta de tubería de riego, 4/7mm 8/11mm, SE UTILIZA PARA DIVIDIR EN OZONO EN LOS DEPOSITOPS DEL DISPENSADOR DE DAGUA",0,"001-112",
87,0,ARILLO TAPA DEPOSITO,"3D",pieza,,,,,,,,,"RECUPERADOR, ABS PARTE SUPERIOR DE LA TAPA DEL DEPOSITODE AUGA DEL DISPENSADOR",0,,
88,38,SELLO TAPA DEPOSITO TPU,"3D","1",,,,,,,,,"GOMA, TPU, RECUPERADOR",0,,
92,18,"CODO TO 3/4"" CPVC",TIPO L,pieza,,,,,,,,,SR=SIN ROSCA,0,,
93,49,DESCALCIFICADOR AL-WS20,AL-WS20,"1",,,,,,,,,"ALTHY IPSE-Sistema de descalcificación de agua, dispositivo antilimescale",0,"006-009",
94,10,PRE FILTRO 40 MICRONES AL-PRE-1,AL-PRE-1,pieza,,,,,,,,,"FILTRO QUE SE INSTALA ANTES DEL OSMOSIS INVERSA PARA ATRAPAR PARTICULAS COMO ARENA, PÓLVO ETC",0,,
95,4,CABLE DE CORRIENTE ELECTRICA,"","",,,,,,,,,"",0,,
96,4,CABLE 2000,"","",,,,,,,,,"",1,,
99,18,"CODO TO 1/2"" CPVC",TIPO L,pieza,,,,,,,,,SR=SIN ROSCA,0,,
100,19,YEE 3CM 3/8 - PLASTICO,"3 VIAS","1",,,,,,,,,"FITTING, ACOPLAMIENTO RAPIDO, CONECTOR DE PALSTICO, CONECTOR RAPIDO, 3CM= LAS 3 ENTRADAS SON CONEXIÓN MANGUERA",0,"001-021",
101,19,"CODO 2CM 3/8"" - PLASTICO","2 VIAS","1",,,,,,,,,"CONECTOR RAPIDO, 2CM=CONEXIÓN MANGUERA, ENTRADA Y SALIDA",0,"001-019",
102,19,TEE 3CM 3/8 - PLASTICO,"3 VIAS","1",,,,,,,,,"CONECTOR RAPIDO, CM=CONEXIÓN MANGUERA, ",0,"001-032",
103,11,"VALVULA ESFERA CM 3/8"" A RH DE 1/2"" - PLASTICO","2 VIAS",pieza,,,,,,,,,"Válvula de bola, LLAVE DE PASO, CM=CONEXIÓN MANGUERA, RH=ROSCA HEMBRA o ROSCA INTERNA",0,,
104,11,"VALVULA ESFERA CM 3/8"" A RM DE 1/2"" - PLASTICO","2 VIAS","1",,,,,,,,,"VÁLVULA DE BOLA, LLAVE DE PASO, CM=CONEXIÓN MANGUERA, RM=ROSCA MACHO o ROSCA EXTERNA",0,"001-103",
105,18,"CODO CM 3/8""  A RM 1/2"" - PLASTICO","2 VIAS","1",,,,,,,,,"CONECTOR RAPIDO, CM=CONEXIÓN MANGUERA, RM=ROSCA MACHO o ROSCA EXTERNA",0,"001-017",
106,19,"CONECTOR 2CM 3/8"" LINEAL - PLÁSTICO","2 VIAS","1",,,,,,,,,"CM=CONEXIÓN MANGUERA, NIPLE RÁPIDO, EMPATE RAPIDO DE MANGUERA DE 3/8, CONECTOR, EMPATE, NIPLE",0,"001-054",
107,19,"CONECTOR CM 1/4"" A CM 3/8"" PASAMURO - PLASTICO",PASAMURO - ROSCADO 2 VIAS,"1",,,,,,,,,"EMPATE, NIPLE, CONVERTIDOR, REDUCTOR. CONECTOR CM 1/4"" A CM 3/8"" PASAMURO - PLASTICO",0,"001-061",
108,18,"CODO CM 1/4"" A RMRE 1/8"" - PLASTICO","2 VIAS","1",,,,,,,,,"RM= ROSCA MACHO, ROSCA EXTERIOR, RME=ROSCA MACHO CON EMPAQUE RESTRICTOR",0,"001-007",
109,11,"VALVULA ESFERA CM 1/4"" RH 1/4"" - PLASTICO","2 VIAS - TIPO L (TANQUE)","1",,,,,,,,,"LLAVE, CM=CONEXION MANGUERA, RH=ROSCA HEMBRA o INTERIOR",0,"001-048",
110,11,"VALVULA ESFERA CM 1/4"" A RM 1/2"" - PLASTICO","2 VIAS","1",,,,,,,,,"CM=CONEXION MANGUERA, RM=ROSCA MACHO o EXTERIOR",0,"001-045",
111,19,"CONECTOR 2CM 1/4"" LINEAL - PLASTICO","2 VIAS","1",,,,,,,,,"NIPLE, UNION, CONECTOR Conector Unión Tubing de 1/4"" x 1/4"" Hydrofit",0,"001-052",
112,14,"TEE 3CM 1/4"" - PLASTICO","3 VIAS","1",,,,,,,,,"3CM= LAS 3 ENTRADAS SON CONEXION MANGUERA",0,"001-024",
113,23,"YEE 3CM 1/4"" - PLASTICO","1009","1",,,,,,,,,"3CM= LAS 3 ENTRADAS SON CONEXION MANGUERA
HDF-SRT0404 CODIGO HIDROGREEN",0,"001-023",
114,18,"CODO CM 1/8"" A RM 1/2"" - PLASTICO","2 VIAS",pieza,,,,,,,,,"CM=CONEXION MANGUERA, RM=ROSCA MACHO",0,,
115,18,"CODO CM 1/4"" A RM 3/8"" - PLASTICO","1008","1",,,,,,,,,"CM=CONEXION MANGUERA, RM=ROSCA MACHO
HDF-FE0406 CODIGO HIDROGREEN",0,,
116,14,"TEE 2CM 1/4"" A RM 1/4"" - PLASTICO TIPO CODO",HDF-MRT0404,"1",,,,,,,,,"2CM= 2 CONEXION MANGUERA , RM=ROSCA MACHO o EXTERIOR, LINEAL=EN LINEA",0,"001-031",
117,18,"CODO 2CM 1/4"" - PLASTICO","2 VIAS","1",,,,,,,,,"2CM= 2 CONEXION MANGUERA",0,"001-009",
118,20,"LLAVE DE GANSO 1/4"" - GRANDE",LLAVE,"1",,,,,,,,,grande es por el alto de la llave,0,"012-001",
121,20,"LLAVE DE GANSO 1/4"" - PEQUEÑA CROMADO","607671","1",,,,,,,,,"SHNUOM 1/4""",0,"012-002",
122,18,"CODO CM 1/4"" A RM 1/8"" - PLASTICO","2 VIAS","1",,,,,,,,,"CM=CONEXION MANGUERA, RMR=ROSCA MACHO CON RESTRICTOR
HDF-ECV0402 CODIGO HIDROGREEN",0,"001-004",
123,5,"PINZA AHORCADOR DE MANGUERA 1/4"" - 3D",PINZA GRADUADORA,"1",,,,,,,,,PINZA GRADUADORA DE PRESION PARA OZONO,0,"009-019",
124,62,"SWITCH DE ALTA PRESION 2CM 1/4""","607784","1",,,,,,,,,"INTERRUPTOR DE ALTA PRESION, 2CM= 2 ENTRADAS DE CONEXION MANGUERA, Interruptor de alta presión para tanque de agua OD, sistema de ósmosis inversa con Terminal de crimpado, conexión de manguera normalmente cerrada, 1/4 "", 1 polo",0,"002-002","5001"
125,62,"SWITCH DE BAJA PRESION 2CM 1/4""","607785","1",,,,,,,,,"INTERRUPTOR, Interruptor de sensor, 2CM= ENTRADA Y SALIDA DE CONEXION MANGUERA",0,"002-003","5002"
126,16,"REDUCTOR DE FLUJO 2CM 1/4"" DE 300 CC",REDUCTOR DE FLUJO,"1",,,,,,,,,"REGULADOR, 2CM= ENTRADA Y SALIDA CONEXION MANGUERA, CC=CENTIMETROS CUBICOS",0,"001-088",
127,16,"REDUCTOR DE FLUJO 2CM 1/4"" DE 420 CC",REDUCTOR DE FLUJO,"1",,,,,,,,,"REGULADOR 2CM=ENTRADA Y SALIDA DE CONEXION MANGUERA, CC CENTIMETROS CUBICOS",0,"001-091",
128,16,"REDUCTOR DE FLUJO 2CM 1/4"" DE 450 CC",REDUCTOR DE FLUJO,"1",,,,,,,,,"REGULADOR, 2CM= ENTRADA Y SALIDA DE CONEXION MANGUERA, CC=CENTIMETRO CUBICO",0,"001-087",
129,16,"REDUCTOR DE FLUJO 2CM 1/4"" DE 550 CC",REDUCTOR DE FLUJO,"1",,,,,,,,,"REGULADOR, 2CM=ENTRADA Y SALIDA DE CONEXION MANGUERA, CC=CENTIMETRO CUBICO",0,"001-090",
130,16,"REDUCTOR DE FLUJO 2CM 1/4"" DE 1200 CC",REDUCTOR DE FLUJO,"1",,,,,,,,,"REGULADOR DE FLUJO, 2CM=ENTRADA Y SALIDA DE CONEXION MANGUERA, CC=CENTIMETRO CUBICO",0,"001-086",
131,16,"REDUCTOR DE FLUJO 2CM 1/4"" DE 1500 CC",REDUCTOR DE FLUJO,"1",,,,,,,,,"2CM=2 CONEXION ENTRADA Y SALIDA CONEXION MANGUERA",0,"001-092",
132,34,FUENTE DE ALIMENTACION 120V AC/ 24 VDC 2A,"10001","1",,,,,,,,,SE UTILIZA PARA BOMBA DE 100 GDP - GM148-240200-D,0,"002-030",
133,35,"ABRAZADERA DRENAJE OSMOSIS CM 1/4""","608271","1",,,,,,,,,"sirve para instalarse al drenaje y ahí conectar la manguera del drenaje de osmosis CM=CONEXION MANGUERA, DRAIN CLAMP - C5AC-40mm",0,,
134,16,"REDUCTOR CONECTOR RM 3/4"" A RH 1/2"" - PVC ",VRB3/4X1H87,"1",,,,,,,,,REDUCCION BUSHING 3/4X1/2,0,"001-078",
135,36,ESCUADRA GRIFO CUELLO DE GANSO,"","1",,,,,,,,,SIRVE PARA COLGAR EL GRIFO,0,"009-018",
136,38,O-RING PARA MANGA DE CUARZO - DOBLE,R-PK ORINGUV6W,"1",,,,,,,,,PURIFORK O-RING LAMPARA UV 6W OS/UF/FB,0,"005-002",
137,39,CINTILLA 3*60,"",pieza,,,,,,,,,"FLEJE, BRIDA DE NAILON",0,,
138,41,GRASA LUBRICANTE DE SILICONA,SG02,pieza,,,,,,,,,"MARCA : Edsrdus
F Edsrdus-lubricante de silicona con junta tórica SG02, Grado Alimenticio, limpio, dieléctrico y elimina la humeda
",0,,
139,5,CALCE CONTROLADOR ELECTRRONICO DE NIVEL DE AGUA,CALCE,"1",,,,,,,,,PIEZA QUE SIRVE PARA CALZAR EL CASE DE LOS SENSORES PARA QUE QUEDE BIEN PEGADO AL DEPOSITO LOS SENSORES,0,"009-017",
140,12,BOMBA DE AGUA MINI DIAFRAGMA DE 24V,"1.4 LPM","1",,,,,,,,,"BOMBA DE AGUA DE SUCCION DE AGUA AUTOCEBANTE, MINI DIAFRAGMA DE GRAN FLUJO 1.4 LPM= LITRO POR MINUTO, SIRVE PARA ALIMENTAR AL OSMOSIS CUANDO LA PRESION DEL AGUA ES BAJA",0,"003-002",
141,46,BASE PARA OZONO PARA DISPENSADOR GLACIAL,GLACIAL,"",,,,,,,,,HOLDER - idm,0,,
142,46,BASE CIRCULAR PARA TANQUE DE AGUA DE 8 LITROS,"","1",,,,,,,,,"",0,"007-015",
143,10,"FILTRO 1 MICRA (PP) DE 2.5"" X 10""","10""",pieza,,,,,,,,," CARTUCHO, TERMOFUSIONADO, DE POLIPROPILENO, POLYSPUN",0,"004-013","PP-1M-10"""
144,12,BOMBA DE AGUA 600GDP 24VDC,"600 GDP","1",,,,,,,,,"Bomba de refuerzo 600 gpd + adaptador de corriente, membrana RO, sistema de ósmosis inversa, piezas de purificador de agua para cocina",0,"003-003",
145,34,FUENTE DE ALIMENTACION 120V AC/ 24 VDC 5A,DMD-24050 ,"1",,,,,,,,,SE USA GENERALMENTE PARA BOMBA DE AGUA DE 600GDP,0,"002-058",
146,12,BOMBA DE AGUA 100 GPD 24 VDC,"607666","1",,,,,,,,,"BOMBA BOOSTER MODELO PURIKOR R-PK-BP01-100G, 
NOVEM: BOMBA BOOSTER PARA RO 100G CON ADAPTADOR",0,"003-006",
147,36,HOLDER PRE FILTRO AL PRE1,"3D",pieza,,,,,,,,,"PREILTRO, ALPRE1 AL PRE 1, HECHO EN IDM",0,,
148,36,HOLDER DESCALCIFICADOR AL-WS20,"3D",pieza,,,,,,,,,"ALWS20, - idm",0,"006-012",
149,4,CONECTOR XHP 2 JST - SENSOR DE NIVEL,XHP2JST,pieza,,,,,,,,,SON LOS CONECTORES QUE SE INSERTAR AL CONTROL DE NIVEL,1,,
150,19,"CONECTOR 2CM 1/4"" PASAMURO - PLASTICO","2 VIAS","1",,,,,,,,,"",0,"001-062",
151,4,CONECTOR RAPIDO  DE CABLE,"2 VIAS",pieza,,,,,,,,,"Conector rápido de cable flexible y duro, abrazadera de cable de empalme de bloque de terminales de prensado eléctrico, 1 / 2 / 3/4P, CH-1/2/3/4",0,,
152,52,PORTAMEMBRANA P/RO 100G,"607676","1",,,,,,,,,"PORTA MEMBRANA, PARA MEMBRANA DE 100GDP, 100 GDP, 200GDP, CARCASA DE MEMBRANA 1812 - 2012 3RM 1/8"" 4001",0,"004-025",""
153,52,"CARCASA DE MEMBRANA 3012 RM 1/4"" A 2RM 1/8""","400 A 600 GDP AMERICANO",pieza,,,,,,,,,"400GDP, 600GDP, 400 GDP, MODELO ANCHO MODELO AMERICANO",0,"004-023",
154,52,"CARCASA DE MEMBRANA 3013 -RE 1/4"" A 2RE 1/8""","400 A 800 GDP CHINO","1",,,,,,,,,"400GDP, 600GDP, 400 GDP, MODELO LARGO MODELO CHINO 800",0,"004-022",
155,51,MEMBRANA 600GDP - 3012,"3012","1",,,,,,,,,"PARA SISTEMAS ÓSMOSIS INVERSA, INDUSTRIAL AMERICANO o ANCHO",0,"004-027",MEM-600
156,51,MEMBRANA 600GDP - 3013,"3013","1",,,,,,,,,"PARA SISTEMAS ÓSMOSIS INVERSA, INDUSTRIAL, CHINO",0,"004-028",MEM-600
157,51,MEMBRANA 400 GDP - 3013,"3013",pieza,,,,,,,,,CHINO o LARGA,0,"004-030",MEM-400
158,1,DISPENSADOR DE AGUA FRÍA - CALIENTE - PARA GARRAFON,HERESLDB-08L,"1",,,,,,,,,AQUAMX,0,"010-001",
159,18,"CODO CM 1/4"" A RM 1/4"" - PLASTICO","1002","1",,,,,,,,,HDF-FE0404 CODIGO HIDROGREEN,0,"001-002",
160,14,"TEE 2CM 1/4"" A TO 1/4"" - TIPO CODO PLASTICO","1006","1",,,,,,,,,HDF-SRT0404 CODIGO HIDROGREEN,0,"001-033",
161,16,"REGULADOR RS - 1410, 1410 VA/700 WATSS","1410",pieza,,,,,,,,,"",0,,
162,49,ACIDO CITRICO,"","",,,,,,,,,SIRVE PARA LAVAR LAS MEMBRANAS CUANDO TIENEN SARRO,0,,
163,55,REPUESTO PARA CUTTER CUT-6 Y CUT-6X BLISTER 10PZA,"",pieza,,,,,,,,,"",0,,
164,55,BASE BIPIN T8 G13 SOCKET LAMPARA,"",pieza,,,,,,,,,"",0,,
165,16,"REDUCTOR CONECTOR RH 1/2"" A RM 1"" - PVC",UNION,"1",,,,,,,,,"",0,,
166,57,"CONECTOR 2RM 1/4"" - PLASTICO","","1",,,,,,,,,"",0,"001-058",
167,11,"VALVULA ESFERA CM 3/8"" A RH 1/2"" A RM 1/2"" - PLASTICO","3 VIAS","1",,,,,,,,,"",0,"001-044",
168,11,"VALVULA ESFERA 2CM 1/4"" - PLASTICO","2 VIAS","1",,,,,,,,,HDF-BVI04 CODIGO HIDROGREEN,0,"001-040",
169,12,BOMBA DE AGUA MINI DIAFRAGMA DE 12V,"385HPC-9","1",,,,,,,,,"Minibomba de diafragma transparente para acuario, bomba de vacío de alta temperatura, 385HPC-9, CC de 12V",0,"003-001",
170,34,FUENTE DE ALIMENTACION 110V A 12V - 2A,"12V2A","1",,,,,,,,,"Adaptador de corriente Universal para tiras de luz LED, fuente de alimentación de CA 110-240V, cc 12V 2.5A",0,,
171,6,TORNILLO BOTON ALLEN INOX METRICA M5X25,M5,pieza,,,,,,,,,TORNILLO REDONDO DE ACERO,0,,
172,7,TUERCA DE SEGURIDAD INOX M4,M4,pieza,,,,,,,,,TUERCA DE BLOQUEO DE NAILON,0,,
173,7,TUERCA DE SEGURIDAD INOX M5,M5,pieza,,,,,,,,,TUERCA DE BLOQUEO DE NAILON,0,,
174,7,TUERCA DE SEGURIDAD INOX M3,M3,pieza,,,,,,,,,TUERCA DE BLOQUEO DE NAILON,0,,
175,6,TORNILLO BOTON ALLEN INOX METRICA M5X20,M5,pieza,,,,,,,,,"",0,,
176,6,TORNILLO BOTON ALLEN INOX METRICA M4X20,M4,pieza,,,,,,,,,"",0,,
177,6,TORNILLO BOTON ALLEN INOX METRICA M5X14,M5,pieza,,,,,,,,,"",0,,
178,6,TORNILLO BOTON ALLEN INOX METRICA M4X25,M4,pieza,,,,,,,,,"",0,,
179,6,TORNILLO BOTON ALLEN INOX METRICA M4X14,M4,pieza,,,,,,,,,"",0,,
180,18,"CODO CM 1/4"" A RME 1/8"" - PLASTICO","2 VIAS","1",,,,,,,,,HDF-FE0402 CODIGO HIDROGREEN,0,"001-003",
181,58,CUBIERTA DE PRESION DE BOMBA 100GDP,CORONAWATER,pieza,,,,,,,,,"Juego de cubierta de presión de bomba de refuerzo RO, conjunto de filtro de agua y repuesto",0,,
182,4,CONECTOR DE CABLE TIPO PALA HEMBRA DESNUDO 6.3MM AWG 16-20,"6.3MM","1",,,,,,,,,"Conectores de cable de interruptor, terminales de crimpado, terminales de pala con mangas aislantes transparentes, resorte de enchufe, 2,8mm, 4,8mm, 6,3mm, 16A",0,"002-046",
183,4,CAPUCHON MEDIANO PONCHA CABLE,CE2,"1",,,,,,,,,"Realmente 100 Uds. CE1 CE2 CE5, tapas de crimpado de extremo cerrado, juego de terminales de Cable eléctrico, conectores AWG 12-10 16-14 22-16",0,"002-051",
184,4,CAPUCHON PEQUEÑO PONCHA CABLE,CE1,"1",,,,,,,,,"Realmente 100 Uds. CE1 CE2 CE5, tapas de crimpado de extremo cerrado, juego de terminales de Cable eléctrico, conectores AWG 12-10 16-14 22-16",0,"002-050",
185,59,BATERIA DE POLIMERO DE LITIO 1.2V 80MaH,Ni-MH 80H,"1",,,,,,,,,"Batería de polímero de litio Ni-MH li-po, pila de botón recargable con pines de soldadura, 1,2 V, 80mAh, SE UTILIZA PARA LOS TEMPORIZADORES
https://es.aliexpress.com/item/4000854815977.html?spm=a2g0o.order_list.order_list_main.1005.7a7e194dSKy9j6&gatewayA",0,,
186,4,TERMINAL DUPONT HEMBRA 2.54MM,"","1",,,,,,,,,"Dupont-Kit de terminales de prensado de conector macho y hembra, carcasa de conector de 2,54mm, Cable de puente, Kit de bricolaje",0,"002-042",
187,4,TERMINAL DUPONT MACHO 2.54MM,"","1",,,,,,,,,"Dupont-Kit de terminales de prensado de conector macho y hembra, carcasa de conector de 2,54mm, Cable de puente, Kit de bricolaje",0,"",
188,4,CONECTOR DE CABLE TIPO PALA HEMBRA DESNUDO 2.8MM AWG 16-22,"2.8MM","1",,,,,,,,,https://es.aliexpress.com/item/1005005529682088.html?spm=a2g0o.order_list.order_list_main.94.21ef194dh1kn9u&gatewayAdapt=glo2esp,0,"002-070",
189,4,CONECTOR DE CABLE TIPO PALA HEMBRA DESNUDO 4.8MM AWG 16-20,"4.8MM","1",,,,,,,,,"",0,"002-045",
190,39,CINTILLA 4*150,"",pieza,,,,,,,,,"BRIDA DE NAILON, FLEJE",0,,
191,39,CINTILLA 3*80,"",pieza,,,,,,,,,"BRIDA DE NAILON, FLEJE",0,,
192,39,CINTILLA 5*300,"",pieza,,,,,,,,,"BRIDA DE NAILON, FLEJE",0,,
193,33,CAJA DE PLASTICO ORGANIZADOR MULTIFUNCIONAL,"",pieza,,,,,,,,,"Caja de Herramientas portátil para señuelos, organizador multifuncional de doble capa, gran capacidad, piezas de mantenimiento, almacenamiento de cebo",0,,
194,6,TORNILLO PLANO AVELLANADO ALLEN INOX M3X4,M3X4MM,pieza,,,,,,,,,"",0,,
195,6,TORNILLO BOTON ALLEN INOX METRICA M3X8,M3X8MM,pieza,,,,,,,,,"",0,,
196,6,TORNILLO BOTON ALLEN INOX METRICA M3X12,M3X12MM,"1",,,,,,,,,"",0,,
197,6,TORNILLO BOTON ALLEN INOX METRICA M3X14,M3X14MM,"1",,,,,,,,,"",0,,
198,20,"GRIFO TIPO PALANCA AGUA TEMPLADA RM 1/2""",AQUAMX,"1",,,,,,,,,"Dispensador de agua de plástico, grifo de alambre, diámetro, Gebotteld, grifo, grúa, Bibcocks, 1 ud.
https://es.aliexpress.com/item/1005003575386904.html?spm=a2g0o.order_list.order_list_main.743.7a7e194dSKy9j6&gatewayAdapt=glo2esp",0,"001-037",
199,20,GRIFO TIPO PALANCA AGUA FRIA AQUAMX,"",pieza,,,,,,,,,"Dispensador de agua de plástico, grifo de alambre, diámetro, Gebotteld, grifo, grúa, Bibcocks, 1 ud.
https://es.aliexpress.com/item/1005003575386904.html?spm=a2g0o.order_list.order_list_main.743.7a7e194dSKy9j6&gatewayAdapt=glo2esp",0,,
200,20,GRIFO TIPO PALANCA AGUA CLIENTE AQUAMX,"",pieza,,,,,,,,,"Dispensador de agua de plástico, grifo de alambre, diámetro, Gebotteld, grifo, grúa, Bibcocks, 1 ud.
https://es.aliexpress.com/item/1005003575386904.html?spm=a2g0o.order_list.order_list_main.743.7a7e194dSKy9j6&gatewayAdapt=glo2esp",0,,
201,18,"CODO CM 1/4"" A RME 3/8"" - PLASTICO","2 VIAS","1",,,,,,,,,"",0,"001-006",
202,4,CONECTOR DE CABLE 2 ENTRADAS TIPO U MISMA LINEA,TIPO U,pieza,,,,,,,,,CONCETOR RAPIDO DE CABLE,0,,
203,4,CONECTOR DE CABLE 3 ENTRADAS TIPO U MISMA LINEA,TIPO U,pieza,,,,,,,,,CONECTOR RAPIDO,0,,
204,4,CONECTOR DE CABLE 4 ENTRADAS TIPO U MISMA LINEA,TIPO U,pieza,,,,,,,,,CONECTOR RAPIDO,0,,
205,4,CONECTOR DE CABLE 5 ENTRADAS TIPO U MISMA LINEA,TIPO U,pieza,,,,,,,,,CONECTOR RAPIDO,0,,
206,4,CONECTOR DE CABLE 2 ENTRADAS TIPO PUSH-IN 2 LINEAS DE SALIDA POR ENTRADA,D2-4,"1",,,,,,,,,CONECTOR RAPIDO,0,"002-009",
207,4,CONECTOR DE CABLE 3 ENTRADAS TIPO PUSH-IN 2 LINEAS DE SALIDA POR ENTRADA,D3-6,"1",,,,,,,,,CONECTOR RAPIDO,0,,
208,4,CONECTOR DE CABLE 4 ENTRADAS TIPO PUSH-IN DIFERENTE LINEAS,LINEAL,"1",,,,,,,,,CONECTOR RAPIDO,0,"002-017",
209,4,CONECTOR DE CABLE 1 ENTRADA TIPO PUSH-IN 1 SALIDA POR ENTRADA,LINEAL - D1-1TO,"1",,,,,,,,,CONECTOR RAPIDO,0,,
210,60,PELACABLES O CORTA MANGUERA REDONDO ,ICP-240,pieza,,,,,,,,,"",0,,
211,6,TORNILLO BOTON ALLEN INOX METRICA M3X4,M3X4MM,pieza,,,,,,,,,"",0,,
212,6,TORNILLO BOTON ALLEN INOX METRICA M3X5,M3X5MM,pieza,,,,,,,,,"",0,,
213,11,"VALVULA ESFERA CM 1/4"" A RH 1/2"" A RM 1/2"" - PLASTICO","3 VIAS (4)","1",,,,,,,,,"",0,"001-041",
214,16,"REDUCTOR DE FLUJO 2CM 1/4"" DE 200CC","2000CC","1",,,,,,,,,https://es.aliexpress.com/item/100500 2840419453.html?spm=a2g0o.order_detail.order_detail_item.3.643a39d3bRjKBl&gatewayAdapt=glo2esp,0,,
215,16,"REDUCTOR DE FLUJO 2CM 1/4"" DE 150CC",REDUCTOR DE FLUJO,"1",,,,,,,,,https://es.aliexpress.com/item/100500 2840419453.html?spm=a2g0o.order_detail.order_detail_item.3.643a39d3bRjKBl&gatewayAdapt=glo2esp,0,,
216,16,"REDUCTOR DE FLUJO 2CM 1/4"" DE 350CC","3500CC","1",,,,,,,,,https://www.aliexpress.com/p/order/detail.html?spm=a2g0o.order_list.order_list_main.503.7a7e194dSKy9j6&orderId=8166982971915926,0,,
217,16,"REDUCTOR DE FLUJO 2CM 1/4"" DE 650CC","650CC","1",,,,,,,,,https://www.aliexpress.com/p/order/detail.html?spm=a2g0o.order_list.order_list_main.503.7a7e194dSKy9j6&orderId=8166982971915926,0,"001-085",
218,16,"REDUCTOR DE FLUJO 2CM 1/4"" DE 800 CC",REDUCTOR DE FLUJO,"1",,,,,,,,,"https://www.aliexpress.com/p/order/detail.html?spm=a2g0o.order_list.order_list_main.503.7a7e194dSKy9j6&orderId=8166982971915926
REGULADOR, 2CM= ENTRADA Y SALIDA CONEXION MANGUERA, CC=CENTIMETROS CUBICOS",0,"001-084",
219,49,DESCALCIFICADOR ALT-SOF - PASTILLAS,ALT-SOF,"1",,,,,,,,,MODELO DESCONTINUADO,0,"006-007",
220,10,REPUESTO DESCALCIFICADOR WHT-P003 WHELTON,WHT-P003,"1",,,,,,,,,PRODUCTO DADO DE BAJA POR EL PROVEEDOR,0,"006-005",
221,18,"CODO CM 3/8"" A RM 3/8"" - PLASTICO","2 VIAS","1",,,,,,,,,"https://es.aliexpress.com/item/1005004165031446.html?spm=a2g0o.order_detail.order_detail_item.3.5da339d3FgrI2D&gatewayAdapt=glo2esp
HDF-FE0606 CODIGO HIDROGREEN",0,,
222,18,"CODO CM 1/4"" A RME 3/8"" -PLASTICO","","1",,,,,,,,,"CM=CONEXION MANGUERA, RME=ROSCA MACHO CON EMPAQUE
https://es.aliexpress.com/item/1005004165031446.html?spm=a2g0o.order_detail.order_detail_item.3.5da339d3FgrI2D&gatewayAdapt=glo2esp",0,"",
223,18,"CODO CM 3/8"" A RM 1/4"" - PLASTICO","","1",,,,,,,,,"https://es.aliexpress.com/item/1005004165031446.html?spm=a2g0o.order_detail.order_detail_item.3.5da339d3FgrI2D&gatewayAdapt=glo2esp
HDF-FE0604 CODIGO HIDROGREEN",0,"001-018",
224,15,VALVULA DE CONTROL DE FLUJO OZONO UNA ENTRADA 2 SALIDA - METAL,"3 VIAS","1",,,,,,,,,"",0,"002-043",
225,15,VALVULA DE CONTROL DE FLUJO OZONO UNA ENTRADA 2 SALIDA - PLASTICO,"","1",,,,,,,,,https://es.aliexpress.com/item/1005004742656777.html?spm=a2g0o.order_detail.order_detail_item.2.5bba39d3oyszpD&gatewayAdapt=glo2esp,0,"002-041",
226,10,PRE FILTRO 40 MICRONES PRE-AUTO2,"","1",,,,,,,,,https://es.aliexpress.com/item/100500 2995121624.html?spm=a2g0o.order_detail.order_detail_item.3.243139d3Urw2hV&gatewayAdapt=glo2esp,0,,
227,10,REPUESTO PRE FILTRO AL-PRE1,AL-PRE1,"1",,,,,,,,,https://es.aliexpress.com/item/100500 2561610681.html?spm=a2g0o.store_pc_groupList.8148356.21.4b695305C0sDgB&pdp_npi=3%40dis%21MXN%21682.57%20MXN%24%21477.80%20MXN%24%21%21%21%21%21%40211b88f016934219164618997e1e0c%2112000021157860659%21sh%21MX%2119584259,0,,
228,10,PRE FILTRO 40 MICRONES OSWNKW-03,OSWNKW-03,"1",,,,,,,,,https://es.aliexpress.com/item/1005005007876973.html?spm=a2g0o.order_detail.order_detail_item.3.bea639d3xFM7cP&gatewayAdapt=glo2esp,0,,
229,50,"SISTEMA OSMOSIS INVERSA 1600 GPD CON PANTALLA INDICADORA, 5 FILTROS + LUZ UV","800-GDP","1",,,,,,,,,https://es.aliexpress.com/item/1005005625581753.html?spm=a2g0o.order_detail.order_detail_item.3.6ac839d3foKKWg&gatewayAdapt=glo2esp,0,,
230,55,CORREA DE AMARRE DE CARGA DE ACERO ( 2 METROS ),"","",,,,,,,,,"Correa de amarre de carga de acero, trinquete de amarre con hebilla de leva, correa de poliéster.
https://es.aliexpress.com/item/32838668423.html?spm=a2g0o.order_detail.order_detail_item.3.361139d35gaXWM&gatewayAdapt=glo2esp",0,,
231,55,CORREA DE AMARRE DE CARGA DE ACERO (5 METROS),"5 METROS","1",,,,,,,,,"Correa de amarre de carga de acero, trinquete de amarre con hebilla de leva, correa de poliéster.
https://es.aliexpress.com/item/32838668423.html?spm=a2g0o.order_list.order_list_main.335.7a7e194dSKy9j6&gatewayAdapt=glo2esp",0,,
232,55,"MONITOR DE CALIDAD DEL AGUA TDS 2CM 1/4""","","",,,,,,,,,https://es.aliexpress.com/item/1005005790364401.html?spm=a2g0o.order_detail.order_detail_item.5.6f9839d3osTalY&gatewayAdapt=glo2esp,0,,
233,16,"CONECTOR CM 1/4"" A RM 1/2"" - PLASTICO","2 VIAS","1",,,,,,,,,"NIPLE ROSCADO Niple Fitting de 1/4"" x 1/2"" Rosca Exterior SERVIMATIC",0,"",
234,62,"SWITCH DE ALTA PRESION 2CM 3/8""",SENSOR ALTA PRESION,"1",,,,,,,,,"INTERRUPTOR DE ALTA PRESION, 2CM= 2 ENTRADAS DE CONEXION MANGUERA, Interruptor de alta presión para tanque de agua OD, sistema de ósmosis inversa con Terminal de crimpado, conexión de manguera normalmente cerrada, 1/4 "", 1 polo
Purificador de agua de 9,5 ",0,"002-014",
235,8,"MANGUERA 1/4"" ROJA DRENAJE - PE ","608274","3",,,,,,,,,"",0,"008-002",
236,55,VALVULA DE BOLA DE CONTROL DE NIVEL DE AGUA - DISPENSADOR,"","1",,,,,,,,,FLOTADOR,0,,
237,42,"SOLENOIDE 24V DC CM 3/8""","","1",,,,,,,,,ELECTROVALVUILA,0,"002-033",
238,10,"PRE FILTRO MICRO 40 MICRONES 2CM 1/4""","","1",,,,,,,,,"",0,"001-093",
239,10,"PRE FILTRO MICRO 40 MICRONES CM 3/8""","","1",,,,,,,,,"",0,"001-095",
240,11,"VALVULA ESFERA 2CM 3/8"" - PLASTICO","2 VIAS","1",,,,,,,,,"",0,"001-042",
241,14,"TEE 2CM 3/8"" A TO 3/8"" - TIPO CODO PLASTICO","3 VIAS","1",,,,,,,,,"",0,"001-029",
242,18,"CODO CM 3/8"" A TO 3/8"" - PLASTICO",HDF-PE0606,"1",,,,,,,,,HDF-PE0606 CODIGO HIDROGREEN,0,"001-016",
243,62,"SWITCH DE BAJA PRESION 2CM 3/8""",SENSOR DE PRESION,"1",,,,,,,,,"",0,"002-020",
244,19,"CONECTOR CM 1/4"" A TO 3/8"" - LINEAL PLASTICO",HDF-SC0604,"1",,,,,,,,,HDF-SC0604 CODIGO HIDROGREEN,0,"001-099",
245,19,"CONECTOR CM 3/8"" A TO 1/4"" LINEAL - PLASTICO","","1",,,,,,,,,"CONECTOR TO 1/4"" A CM 3/8"" LINEAL - PLASTICO",0,"001-097",
246,62,BOTON o PULSADOR MOMENTANEO DE 22mm 1no1nc 10A,"1no1nc","1",,,,,,,,,"Interruptor de botón de metal de 22mm, pulsador de cabeza plana 1no1nc, 10A, momentáneo con conector, actividades por tiempo limitado",0,,
247,63,RELE DE 1 CANAL DE 24V,"","1",,,,,,,,,"Módulo de relé de 1 canal, 5V, 9V, 12V, 24V, Escudo de placa con optoacoplador, soporte de módulo de relé de 12V, disparador de nivel alto y bajo",0,"002-035",
248,32,SENSOR CAPACITIVO RECTANGULAR 24V ,XKC-Y26-NPN-24V,"1",,,,,,,,,INTERRUTOR,0,"002-036",
249,12,BOMBA DE AGUA 400GDP 24VDC,"607667","1",,,,,,,,,"",0,"003-008",
250,55,PORTA FUSIBLE DE CARTUCHO TIPO AMERICANO,"","1",,,,,,,,,"",0,"002-011",
251,65,FUSIBLE 1A - 6.30mm,"1A-6.30MM","1",,,,,,,,,FUSIBLE DE VIDRIO,0,"002-039",
252,62,SWITCH O INTERRUPTOR REDONDO ENCENDIDO Y APAGADO,"2Pin redlight ON-OFF","1",,,,,,,,,"BALANCIN, Interruptor basculante redondo de encendido/apagado para salpicadero de coche, iluminación LED, 12V, 24V/6A, 250V/10A, 125V, 2/3/4 Pines, 20MM, 1 unidad. https://www.aliexpress.com/p/order/detail.html?spm=a2g0o.order_list.order_list_main.78.2723",0,,
253,4,CONECTOR DE CABLE 2 ENTRADAS TIPO PUSH-IN 3 LINEAS DE SALIDA POR ENTRADA,D2-6,"1",,,,,,,,,"MINI conectores de Cable compacto Universal rápido, empalme de resorte, bloque de terminales de cableado Push-in, conexión de Cable eléctrico doméstico",0,"002-006",
254,55,RONDANA o ARANDELA NEGRA M5,"","",,,,,,,,,"Arandela plana de acero al carbono 8,8 de grado negro, almohadilla de junta lisa, 5/50 piezas, M2, M2.5, M3, M4, M5, M6, M8, M10, M12, M14, M16, M20, M22, M24, GB97, DIN125",0,,
255,55,RONDANA o ARANDELA NEGRA M4,"","",,,,,,,,,"Arandela plana de acero al carbono 8,8 de grado negro, almohadilla de junta lisa, 5/50 piezas, M2, M2.5, M3, M4, M5, M6, M8, M10, M12, M14, M16, M20, M22, M24, GB97, DIN125",0,,
256,55,RONDANA o ARANDELA NEGRA M3,"","",,,,,,,,,"Arandela plana de acero al carbono 8,8 de grado negro, almohadilla de junta lisa, 5/50 piezas, M2, M2.5, M3, M4, M5, M6, M8, M10, M12, M14, M16, M20, M22, M24, GB97, DIN125",0,,
257,55,RONDANA o ARANDELA ACERO INOX M3x15x.8,M3x15x.8,"1",,,,,,,,,"Arandela plana grande de acero inoxidable, junta de Metal grande, M1.6, M2, M2.5, M3, M4, M5, M6, M8-M22, Din9021, 304",0,,
258,19,"CONECTOR CM 3/8"" A RM 1/2"" - LINEAL PLASTICO",HDF-MC0608,"1",,,,,,,,,"Conector de tubo de manguera de acoplamiento, 17 tipos de rosca macho y hembra, filtro de agua, piezas de ósmosis inversa, 1/4, 3/8
Conector de tubo de manguera de acoplamiento, 17 tipos de rosca macho y hembra, filtro de agua, piezas de ósmosis inversa,",0,"001-069",
259,53,"VALVULA AJUSTE FLUJO DE AGUA 2CM 1/4"" CON SEGURO","","1",,,,,,,,,"https://www.aliexpress.com/p/order/detail.html?spm=a2g0o.order_list.order_list_main.164.21ef194dnAK6o9&orderId=8174491892265926
ESFERA",0,"001-051",
260,19,"CONECTOR CM 1/4"" A RHE 1/4"" - PLASTICO",CONECTOR A LLAVE GANSO,"1",,,,,,,,,Faucet Tap Connector,0,,
261,49,DESCALCIFICADOR INTERNO 10G 95% PP - PASTILLAS,YQ3521 - 95% FOF,"1",,,,,,,,,"FOF-purificador de agua de núcleo interno, Material de filtro de resistencia a la suciedad, suavizante de agua dura y escala de eliminación 10G",0,"006-001",
262,64,PORTA FUSIBLE EN LINEA EUROPEO TIPO BAYONETA O TIPO TORNILLO,AUTOMOTRIZ DE BAYONETA,"1",,,,,,,,,"Portafusibles en línea de 5 piezas, 5x20mm, 110V, 220V, tipo tornillo de soplado rápido, portafusibles de vidrio de soplado rápido con cable de 22 AWG XF30; se usa para los balastros de lampara uv.
NOMBRE EN ESTEREN: Porta fusible automotriz de bayoneta",0,"002-012",
263,65,FUSIBLE .5A - 6.30mm,.5A-6.30mm,"1",,,,,,,,,FUISIBLE DE VIDRIO,0,"002-040",
264,39,CINTILLA 2.5*200,BRIDA,"1",,,,,,,,,"Bridas de nailon de plástico para el hogar y la Oficina, cintas de sujeción autoblocantes desmontables, reutilizables",0,,
265,4,CONECTOR DE CABLE 3 ENTRADAS TIPO PUSH-IN 1 LINEA DE SALIDA POR ENTRADA D3-3M,D3-3M,"1",,,,,,,,,https://es.aliexpress.com/item/1005004354478501.html?spm=a2g0o.order_detail.order_detail_item.4.655939d3djw37G&gatewayAdapt=glo2esp,0,"002-008",
266,55,CINTA ORGANIZADORA ENROLLADORA DE CABLES O MANGUERA,Hand tearingA-5m,"3",,,,,,,,,"Organizador de cables de 2/5M, cinta enrolladora de cables, Protector de gestión de cables para auriculares, ratón, iPhone, Xiaomi, Samsung. https://es.aliexpress.com/item/1005005372644279.html?spm=a2g0o.order_detail.order_detail_item.4.2cea39d3EUNmNc&gat",0,,
267,55,ESPIRAL DE ENVOLTURA DE CABLE 12mm-BLANCO,"12mm White","3",,,,,,,,,"Manguito de Cable de envoltura en espiral de tubo de bobinado, organizador de alambre transparente/negro, tubo de funda, Protector de gestión de cinta de plástico de 4-30MM",0,,
268,55,ESPIRAL DE ENVOLTURA DE CABLE 4mm-NEGRO,"4mm black","3",,,,,,,,,"Manguito de Cable de envoltura en espiral de tubo de bobinado, organizador de alambre transparente/negro, tubo de funda, Protector de gestión de cinta de plástico de 4-30MM",0,,
269,55,ESPIRAL DE ENVOLTURA DE CABLE 14mm-BLANCO,"14mm White","3",,,,,,,,,"Manguito de Cable de envoltura en espiral de tubo de bobinado, organizador de alambre transparente/negro, tubo de funda, Protector de gestión de cinta de plástico de 4-30MM",0,,
270,4,CONECTOR DE CABLE 2 ENTRADAS TIPO PUSH-IN 1 LINEA DE SALIDA POR ENTRADA,D2-2M,"1",,,,,,,,,https://es.aliexpress.com/item/1005004354478501.html?spm=a2g0o.order_detail.order_detail_item.4.655939d3djw37G&gatewayAdapt=glo2esp,0,"002-026",
271,55,CASE o CAJA RELE DE 1 CANAL DE 5v-24V - IDM,"","1",,,,,,,,,IDM,0,"009-013",
272,55,CASE O CUBIERTA DE BOMBA DE AGUA MINI DE DIAFRAGMA 5-24V,"","1",,,,,,,,,IDM,0,,
273,19,"CODO CM 1/4"" A CM 3/8"" - PLASTICO","","1",,,,,,,,,https://es.aliexpress.com/item/32506830232.html?spm=a2g0o.order_detail.order_detail_item.5.5ebc39d3cojwLW&gatewayAdapt=glo2esp,0,"001-012",
274,19,"CONECTOR CM 3/8"" A RHE 1/2"" - PLASTICO","","1",,,,,,,,,https://es.aliexpress.com/item/32768750434.html?spm=a2g0o.order_detail.order_detail_item.7.5ebc39d3cojwLW&gatewayAdapt=glo2esp,0,"",
275,19,"CONECTOR CM 1/4"" A RHE 1/2"" - PLASTICO","","1",,,,,,,,,https://es.aliexpress.com/item/32768750434.html?spm=a2g0o.order_detail.order_detail_item.9.5ebc39d3cojwLW&gatewayAdapt=glo2esp,0,"001-070",
276,19,"CODO CM 3/8"" A TO 1/4"" - PLASTICO",HDF-PE0406,"1",,,,,,,,,"HDF-PE0406 CODIGO HIDROGREEN
https://es.aliexpress.com/item/32511233292.html?spm=a2g0o.order_detail.order_detail_item.11.5ebc39d3cojwLW&gatewayAdapt=glo2esp",0,"001-015",
277,16,"REDUCTOR DE FLUJO 2CM 1/4"" DE 1000 CC","1000CC","1",,,,,,,,,https://es.aliexpress.com/item/1005004108888280.html?spm=a2g0o.order_detail.order_detail_item.3.1d4839d3AXR22j&gatewayAdapt=glo2esp,0,"001-089",
278,66,"FILTRO DE RESINA ABLANDADOR O SUAVIZADOR 2TO 1/4"" - EN LINEA","","1",,,,,,,,,"Filtro de resina para purificador de agua doméstico, filtro de agua blanda, conexión rápida integrada, ablandamiento, Coreano
Se instala despues del tercer filtro",0,"014-001",
279,49,DESCALCIFICADOR WHT-P003 - PASTILLAS WHELTON,FOF-WHT-P003,"1",,,,,,,,,"1 nombre: Wheelton sclare la inhibición de filtro 2) modelo: WHT-P003.  3 tipo: Pre-filtro. 4 Filtro de precisión: 40 μm. 5 hilo: 1/2 pulgadas
6 flujo de agua: 1,5 T/h. 7 La temperatura del agua: 5-38 ℃. 8 Presión de agua: 0,1-0.4Mpa.",0,"006-004",
280,66,"FILTRO DE RESINA DE CARTUCHO ABLANDADOR O SUAVIZADOR DE AGUA 10"" WS-10",WS-10,"1",,,,,,,,,"Coronwater-Reemplazo de cartucho de filtro de resina de ablandamiento de agua, WS-10",0,,
281,66,"FILTRO DE RESINA DE CARTUCHO ABLANDADOR O SUAVIZADOR DE AGUA 10"" UDFR","10"" UDFR","1",,,,,,,,,https://es.aliexpress.com/item/1005005246801885.html?spm=a2g0o.order_list.order_list_main.47.44bb194ddiySh2&gatewayAdapt=glo2esp,0,"004-004",
282,10,"FILTRO RELLENABLE TRANSPARENTE 2.5""*20""","20"" UDFR","1",,,,,,,,,"https://es.aliexpress.com/item/33019141117.html?spm=a2g0o.order_list.order_list_main.42.44bb194ddiySh2&gatewayAdapt=glo2esp
FILTRO RESINA RELLENABLE TRANSPARENTE 2.5*20"" SUAVIZADOR DE AGUA.",0,"004-016",
283,67,"CARCASA DE FILTRO DE 2.5""*20"" DE 1/2"" AZUL","20"" - 1/2""","1",,,,,,,,,"Cartucho de filtro de 20 pulgadas, prefiltro azul de alto flujo, Conector de cobre de 1/2 y 3/4 pulgadas, carcasa de filtro comercial y doméstica",1,,
284,67,"CARCASA DE FILTRO DE 2.5""*20"" DE 3/4"" - AZUL","607768","1",,,,,,,,,"Cartucho de filtro de 20 pulgadas, prefiltro azul de alto flujo, Conector de cobre de 1/2 y 3/4 pulgadas, carcasa de filtro comercial y doméstica.
PORTACARTUCHO AZUL # 20 EN 3/4"", CON PURGADOR",0,"004-018",
285,68,"FILTRO DE RESINA MIXTA DEIONIZADA DE 10"" 2CM 1/4"" - EN LINEA","","1",,,,,,,,,"https://es.aliexpress.com/item/32993835906.html?spm=a2g0o.order_list.order_list_main.31.44bb194ddiySh2&gatewayAdapt=glo2esp
Sistema de ósmosis inversa RO de repuesto, 2x10 pulgadas, filtro de agua en línea DI, deionización, Cartucho de resina de cama mixt",0,"004-034",
286,32,"24V SENSOR DE DETECCION DE LIQUIDO CAPACITIVO PARA MANGUERA Y28A-24V-NO -1/4 - 3/8",XKC-Y28A 24V,"1",,,,,,,,,"Sensor de detección de nivel de líquido sin contacto, tubo pequeño de XKC-Y28A (4mm-11mm), con relé 2A incorporado de, sin salida NC",0,"",
287,55,"TIRAS DE PRUEBA PH, DUREZA DEL AGUA",TIRA DE PAPEL,"1",,,,,,,,,"Tiras de prueba de Ph tornasol para piscina, papel de prueba de calidad del agua, herramienta de CI/PH/Br/ALK/TC/TH/CYA, 7 en 1, 50/100 piezas",0,,
288,69,"FILTRO RELLENABLE TRANSPARENTE 2.5""*10"" ","607070","1",,,,,,,,,"Cartucho transparente vacío reutilizable, carcasa de filtro de agua de varios medios rellenable, 1x2x10 pulgadas
CARTUCHO RELLENABLE 2.5*9.75"" TRANSPARENTE - 10""",0,"004-015",
289,66,"BOLAS ANTISCALANTES DE POLIFOSFATO, ABLANDADOR O SUAVIZADOR DE AGUA",ANTISCALANTES DE POLIFOSFATO,"1",,,,,,,,,"Bolas antiscalantes de cristal, báscula de agua potable, inhibidor de cristales de polifosfato, 1kg",0,,
290,69,PORTA FILTRO VERTICAL PEQUEÑO PARA BOLAS DE POLIFOSFATO (lavadora),"","1",,,,,,,,,"Filtro de lavadora con brillo de cristal de fósforo de silicio, lavado no amarillo, Escala de inhibición, purificador de agua suave",0,,
291,69,"PORTA FILTRO DE 5"" DE 1/2"" ","","1",,,,,,,,,"Botella de filtro de ósmosis inversa de 5 pulgadas, purificador de agua con rosca de cobre de 1/4 ''~ 3/4'', elemento de matraz, purificador de fuente de agua familiar SIRVE PARA BOLAS DE POLIFOSFATO
",0,,
292,10,FILTRO INHIBIDOR DE ESCALA DE CARBONO SUAVIZADOR.,"","1",,,,,,,,,"Cartucho compuesto de membrana de ultrafiltración de 10 pulgadas, inhibidor de escala de carbono sinterizado de cáscara de coco
https://es.aliexpress.com/item/1005006062791522.html?spm=a2g0o.order_detail.order_detail_item.3.707839d3QY4V6S&gatewayAdapt=glo",0,,
293,10,"FILTRO (T33) 10"" DE CARTUCHO",T33,"1",,,,,,,,,"Purificador de agua de carbón activado T33, filtro trasero de cáscara de coco, filtro de carbón activado para ósmosis inversa, 10 pulgadas
CARTUCHO POSFILTER EN LINEA GAC, 2.5""X10""",0,"004-033",T33-C
294,49,DESCALCIFICADOR ( 316 ) YQ2653 - PASTILLAS,YQ2653,"1",,,,,,,,,"PROVEEDOR SHEN HUI:
https://es.aliexpress.com/item/1005006032637633.html?spm=a2g0o.order_detail.order_detail_item.4.779839d3K1aTuW&gatewayAdapt=glo2esp
PROVEEDOR GREEN LIFE, ES MAS CARO:
https://es.aliexpress.com/item/1005005059836860.html?spm=a2g0o.order",0,"006-006",
295,24,"5V SENSOR DE DETECCION DE LIQUIDO CAPACITIVO PARA MANGUERA Y28A-5V-NO -1/4 - 3/8",Y28A-5V-NO,"1",,,,,,,,,"Sensor de detección de nivel de líquido sin contacto, tubo pequeño de XKC-Y28A (4mm-11mm), con relé 2A incorporado de, sin salida NC",0,"002-010",
296,55,Cinta teflón grado alimenticio,PTFE,"3",,,,,,,,,"Rollo especial para la industria de purificación de agua, cinta de sellado de rosca de PTFE sin aceite, estilo estrecho con cubierta antipolvo, antideslizante, a prueba de fugas, 10 m/rollo",0,,
297,55,ALICATE o PINZA DE MEMBRANA,EXTRACTOR MEMBRANA,"1",,,,,,,,,Alicates de membrana RO de extracción de filtro de agua para reemplazo de membrana de carcasa de membrana aptos para 50 gpd 75gpd 100gpd 125gpd RO membrana,0,,
298,65,FUSIBLE .5A - 5.20mm,.5A - 5.20mm,"1",,,,,,,,,https://www.aliexpress.com/p/order/detail.html?spm=a2g0o.order_list.order_list_main.84.4792194df6zU3h&orderId=8176394336915926,0,"002-038",
299,10,"FILTRO DE MALLA DE ALAMBRE DE 20""","20""","1",,,,,,,,,"Cartucho de filtro de malla de alambre de acero inoxidable, prefiltro para prevención de incrustaciones, para purificador de agua, 10/20 pulgadas",0,,
300,63,RELE DE 1 CANAL DE 5V,JQC-3FF-S-Z,"1",,,,,,,,,https://es.aliexpress.com/item/100500 1619462815.html?spm=a2g0o.order_detail.order_detail_item.4.758839d3BX1Iiy&gatewayAdapt=glo2esp,0,"002-037",
301,53,CONVERTIDOR REDUCTOR DE 12V / 24V A 5V 3A,EA15-5V,"1",,,,,,,,,"Regulador de CC para coche, convertidor reductor de 12V/24V a 5V, 3A, 5A, 10A, 15A, 12V/24V a 5V, 3A, 5A, 10A, 15AMP",0,"002-034",
302,10,"CESTA DISTRIBUIDOR INFERIOR DE 3/4"" ","","1",,,,,,,,,"Distribuidor de plástico de suavizantes y filtros de agua, cesta distribuidor superior e inferior de 3/4 ''para tanque de 150 ~ 300mm/6 ~ 12'' de diámetro - SUAVIZADOR",0,,
303,10,ESPUMA DE FILTRACION 20*100,"20*100","3",,,,,,,,,"Espuma de filtración blanca para acuario, filtro bioquímico para pecera, esponja, Espumador, tiempo de uso largo, Premium, doble densidad",0,,
304,10,ESPUMA DE FILTRACION 12*100,"12*100","3",,,,,,,,,https://es.aliexpress.com/item/100500 1830892068.html?spm=a2g0o.order_detail.order_detail_item.4.1d0739d35u9m7A&gatewayAdapt=glo2esp,0,,
305,69,"CARCASA DE FILTRO DE 2.5""*10"" DE 1/4""","607677","1",,,,,,,,,"Carcasa de filtro de 10 "", tratamiento de agua de ósmosis inversa, carcasa de filtro de agua de 10 pulgadas",0,"004-043",
306,70,"TUBO 1/2"" - CPVC ",GENERICO,"3",,,,,,,,,"LAS FACTURAS HAY QUE DESGLOSARLAS A CMS. , YA QUE VIENEN POR METRO",0,,
307,70,"TUBO 3/4"" - CPVC",GENERICO,"3",,,,,,,,,"LAS FACTURAS HAY QUE DESGLOSARLAS A CMS. , YA QUE VIENEN POR METRO",0,,
308,33,CHALUPA UNIVERSAL SOBREPUESTA,"","1",,,,,,,,,SOBREPONER,0,,
309,6,"PIJA PARA LAMINA # 12, 3/4",TPILA12X87,"1",,,,,,,,,"",0,,
310,55,HOJA TAMAÑO CARTA 500 HOJAS,"","1",,,,,,,,,"",0,,
311,46,SOPORTE DIFUSOR ACERO INOX PARA PIEDRA OZONO,TIG-10.5CM,"1",,,,,,,,,"tubo que se manda a hacer con diego Quijano, el hace piezas de acero inoxidable $196.76
SOPORTE DIFUSOR ACERO INOXIDABLE CON ROSCA PARA PIEDRA OZONO",0,,
312,38,SELLO TAPA DEPOSITO PETG,"3D","1",,,,,,,,,RECUPERADOR,0,,
313,4,CONECTOR DE CABLE 1 ENTRADA TIPO PUSH-IN 2 SALIDA POR ENTRADA,LINEAL D1-2TO,"1",,,,,,,,,RAPIDO,0,,
314,4,CONECTOR DE CABLE 1 ENTRADA TIPO PUSH-IN 3 SALIDA POR ENTRADA,LINEAL - D1-3TO,"1",,,,,,,,,RAPIDO,0,"002-031",
315,4,CONECTOR DE CABLE 1 ENTRADA TIPO PUSH-IN 4 SALIDA POR ENTRADA,LINEAL - D1-4TO,"1",,,,,,,,,RAPIDO,0,"002-007",
316,4,CONECTOR DE CABLE 1 ENTRADA TIPO PUSH-IN 5 SALIDA POR ENTRADA,LINEAL - D1-5TO,"1",,,,,,,,,RAPIDO,0,"002-004",
317,55,RONDANA o ARANDELA PLANA 3/16,"","1",,,,,,,,,"",0,,
318,6,PIJA 4*1/2,"","1",,,,,,,,,"",0,,
319,6,PIJA 8*1/2,"","1",,,,,,,,,"",0,,
320,55,RONDANA DE PRESION 3/16,"","1",,,,,,,,,"",0,,
321,55,RONDANA DE PRESION 1/8,"","1",,,,,,,,,"",0,,
322,55,RONDANA o ARANDELA PLANA 5/32,"","1",,,,,,,,,"",0,,
323,23,YEE 2CM 3/8 A CM 1/4,"","1",,,,,,,,,YEE CM 1/4 A 2CM 3/8,0,,
324,71,PORTA LAMPARA UV 24V 1W,"","1",,,,,,,,,CARCASA,0,"",
325,8,"MANGUERA 3/8"" - BLANCO PE","608276","3",,,,,,,,,"",0,"008-005",
326,10,"FILTRO 5 MICRAS (PP) DE 2.5"" X 20""","607858","1",,,,,,,,,POLYSPUN,0,"004-011","PP-2.5*20"""
327,69,"CARCASA DE FILTRO DE 4.5""*20"" DE 1-1/2""","607770","1",,,,,,,,,"PORTACARTUCHO AZUL # 20 BIG BLUE EN 1 1/2"", CON PURGADOR",0,"004-020",
328,46,"BASE FILTROS INOX 2.5"" * 3-10""",DSI-01,"1",,,,,,,,,"3-10"": 3 FILTROS DE 10"" INOXIDABLE",0,,
329,46,"BASE FILTROS INOX 2.5"" * 1-20""",DSI-02,"1",,,,,,,,,"1-20"":1 FILTRO DE 20"", DOSFILTROS 10"" INOXIDABLE",0,,
330,46,"BASE ACERO INOX FILTROS 2.5"" * 2-20"" 32*40.5",DSI-03,"1",,,,,,,,,"2-20"":2 FILTROS DE 20"", 1 FILTRO 10"" INOXIDABLE",0,,
331,55,BASE ACERO INOXIDABLE 67 X 37,BASE (TRIPIE),"1",,,,,,,,,"SOPORTE PARA BASE DE EQUIPO (TRIPIE) DE FILTROS, SE CONSIDERA FABRICACION DE SOPORTE PEGABLE CON DIMENSIONES 67 CM DE ALTO X 37 CM DE ANCHO TODO FABRICADO EN ACERO INOXIDABLE.",0,,
332,72,"BROCA 1/2"" METAL",METAL,"1",,,,,,,,,DE ALTA VELOCIDAD,0,,
333,72,"BROCA 1/8"" METAL","3MM","1",,,,,,,,,"",0,,
334,72,"BROCA 3/16"" METAL","5 MM","1",,,,,,,,,"",0,,
335,72,"BROCA 1/4"" METAL","6MM","1",,,,,,,,,"",0,,
336,72,"BROCA 3/16"" CONCRETO","3MM","1",,,,,,,,,"",0,,
337,72,"BROCA 1/4"" CONCRETO","6MM","1",,,,,,,,,"",0,,
338,72,"BROCA 3/8"" CONCRETO","9.5MM","1",,,,,,,,,"",0,,
339,72,"BROCA 1/16"" METAL",METAL,"1",,,,,,,,,"",0,,
340,72,"BROCA 5/64"" METAL",METAL,"1",,,,,,,,,"",0,,
341,72,"BROCA 3/32"" METAL",METAL,"1",,,,,,,,,"",0,,
342,72,"BROCA 7/64"" METAL",METAL,"1",,,,,,,,,"",0,,
343,72,"BROCA 9/64"" METAL",METAL,"1",,,,,,,,,"",0,,
344,72,"BROCA 5/32"" METAL",METAL,"1",,,,,,,,,"",0,,
345,72,"BROCA 11/64"" METAL",METAL,"1",,,,,,,,,"",0,,
346,72,"BROCA 13/64"" METAL",METAL,"1",,,,,,,,,"",0,,
347,72,"BROCA 7/32"" METAL",METAL,"1",,,,,,,,,"",0,,
348,72,"BROCA 5/16"" METAL",METAL,"1",,,,,,,,,"",0,,
349,16,"REDUCTOR CONECTOR RM 1-1/2"" A RH 1/2"" - PVC",UNION,"1",,,,,,,,,REDUCCION BUSHING 11/2X1/2,0,"001-101",
350,6,PIJA PARA TAQUETE # 8 DE 1-1/4,TPILA8X1H87,"1",,,,,,,,,"PIJA PARA LAMINA, # 8, 1-1/4"" ",0,,
351,72,"TAQUETE 1/4"" PLASTICO",TTAQ1/4PH87,"1",,,,,,,,,"TAQUETE DE 1/4"", DE PLASTICO",0,,
352,55,MENSULA REFORZADA 8*12 NEGRA,TMER12N,"1",,,,,,,,,"",0,,
353,4,CONECTOR DE CABLE TIPO U NEGRO CABLE 2mm HORQUILLA 3mm,SV2-3-black,"1",,,,,,,,,"Terminal de resorte de Cable tipo SV, Conector de crimpado de extremo de Cable de prensa en frío, horquilla TIPO U Y PVC, aislar casquillos, pala de bloque, SV1.25 SV2, 50 piezas
",0,,
354,4,CONECTOR DE CABLE TIPO O ROJO CABLE 2mm HORQUILLA 3.2mm,RV1.25-3.2,"1",,,,,,,,,"Terminal de resorte de Cable tipo SV, Conector de crimpado de extremo de Cable de prensa en frío, horquilla O Y PVC, aislar casquillos, pala de bloque, RV1.25-3.2, 100 piezas",0,"002-056",
355,4,CONECTOR DE CABLE TIPO U ROJO CABLE 1.25mm HORQUILLA 3mm,SV1.25-3-red,"1",,,,,,,,,"Terminal de resorte de Cable tipo SV, Conector de crimpado de extremo de Cable de prensa en frío, horquilla U Y PVC, aislar casquillos, pala de bloque, SV1.25 SV2, 50 piezas
https://es.aliexpress.com/item/1005005900608234.html?spm=a2g0o.order_detail.order",0,"002-075",
356,4,CONECTOR DE CABLE TIPO U NEGRO CABLE 1.25mm HORQUILLA 3mm,SV2-45 14-16,"1",,,,,,,,,"Terminal de resorte de Cable tipo SV, Conector de crimpado de extremo de Cable de prensa en frío, horquilla U Y PVC, aislar casquillos, pala de bloque, 2-45 14-16, 50 piezas
https://es.aliexpress.com/item/1005005900608234.html?spm=a2g0o.order_detail.order",0,"002-055",
357,4,CONECTOR DE CABLE TIPO U NEGRO CABLE 1.25mm HORQUILLA 4mm,SV1.25-4-black,"1",,,,,,,,,"Terminal de resorte de Cable tipo SV, Conector de crimpado de extremo de Cable de prensa en frío, horquilla U Y PVC, aislar casquillos, pala de bloque, SV1.25 SV2, 50 piezas
https://es.aliexpress.com/item/1005005900608234.html?spm=a2g0o.order_detail.order",0,,
358,4,CONECTOR DE CABLE TIPO U ROJO CABLE 1.25mm HORQUILLA 4mm,SV1.25-4-red,"1",,,,,,,,,"Terminal de resorte de Cable tipo SV, Conector de crimpado de extremo de Cable de prensa en frío, horquilla U Y PVC, aislar casquillos, pala de bloque, SV1.25 SV2, 50 piezas.
https://es.aliexpress.com/item/1005005900608234.html?spm=a2g0o.order_detail.orde",0,"002-054",
359,4,CONECTOR DE CABLE TIPO U ROJO CABLE 2mm HORQUILLA 4mm,SV2-4-red,"1",,,,,,,,,"Terminal de resorte de Cable tipo SV, Conector de crimpado de extremo de Cable de prensa en frío, horquilla U Y PVC, aislar casquillos, pala de bloque, SV1.25 SV2, 50 piezas.
https://es.aliexpress.com/item/1005005900608234.html?spm=a2g0o.order_detail.orde",0,,
360,4,CONECTOR DE CABLE TIPO U NEGRO CABLE 2mm HORQUILLA 4mm,SV2-4-black,"1",,,,,,,,,"Terminal de resorte de Cable tipo SV, Conector de crimpado de extremo de Cable de prensa en frío, horquilla U Y PVC, aislar casquillos, pala de bloque, SV1.25 SV2, 50 piezas.
https://es.aliexpress.com/item/1005005900608234.html?spm=a2g0o.order_detail.orde",0,,
361,6,"PIJA PUNTA DE BROCA DE 1"" CON RONDANA",TPIBR1R H87,"1",,,,,,,,,"",0,,
362,6,"PIJA PARA MINI BIG # 14, 3/4""",TPILA14XH87,"1",,,,,,,,,"PIJA PARA LAMINA, # 14, 3/4""",0,,
363,6,"PIJA PARA LAMINA # 14, 1""",TPILA14XH87,"1",,,,,,,,,"",0,,
364,57,"CONECTOR CM 1/4"" A RME 1/4"" - PLASTICO","2 VIAS (3)","1",,,,,,,,,"HDF-MC0404 CODIGO HIDROGREEN
https://es.aliexpress.com/item/32768868096.html?spm=a2g0o.order_detail.order_detail_item.4.60b739d39hyXTr&gatewayAdapt=glo2esp.
Accesorio de tubería recta de agua RO 1/4 3/8 OD, manguera 1/8 ""1/4"" 1/2 ""3/8"" BSP, rosca macho de",0,"001-064",
365,16,"CONECTOR CM 1/4"" A RM 3/8"" - LINEAL PLASTICO","2 VIAS","1",,,,,,,,,"HDF-MC0406 CODIGO HIDROGREEN
Accesorio de tubería recta de agua RO 1/4 3/8 OD, manguera 1/8 ""1/4"" 1/2 ""3/8"" BSP, rosca macho de plástico, Sistema de conector rápido, purifica el agua.
https://es.aliexpress.com/item/32768868096.html?spm=a2g0o.order_detail.",0,"001-066",
366,36,BASE SOPORTE LLAVE DE GANSO 16 CMS ALTO,IDM,"1",,,,,,,,,BASE ECHA EN 3D CON ALTURA DE 162 CMS SIRVE PARA TARJAS YA SEA DE CONCRETO O DE METAL,0,,
367,14,"TEE TO 1/2"" CPVC",GENERICO,"1",,,,,,,,,"",0,,
368,11,"VALVULA ESFERA 1/2"" - CPVC",GENERICO,"1",,,,,,,,,"",0,,
369,19,"CONECTOR CM 1/4"" A TO 1/4"" - PLASTICO","2 VIAS","1",,,,,,,,,"Conexión de manguera de ósmosis inversa 1/4 3/8, acoplamiento rápido 1/4, vástago en T recto L, junta de plástico para acuario de agua RO, accesorio de tubería.
https://es.aliexpress.com/item/32511233292.html?gps-id=pcStoreJustForYou&scm=100 7.23125.13735",0,"001-098",
370,73,BOTE PEGAMENTO 125 ML - CPVC,GENERICO,"9",,,,,,,,,"",0,,
371,57,"TUERCA UNION 3/4"" - CPVC",GENERICO,"1",,,,,,,,,"",0,,
372,57,"TUERCA UNION 1/2"" - CPVC",GENERICO,"1",,,,,,,,,"",0,,
373,4,CONECTOR DE CABLE TIPO U DESNUDO HORQUILLA 3.2mm,DJ4413-3.2A,"1",,,,,,,,,"https://es.aliexpress.com/item/1005003457597684.html?spm=a2g0o.order_detail.order_detail_item.4.338439d3ba0Itl&gatewayAdapt=glo2esp
Terminal de crimpado prensado en frío desnudo en forma de horquilla, Terminal en Y de 100mm, 3,2mm, 4,2mm, 5,2mm, 6,2mm, co",0,"002-032",
374,4,CONECTOR DE CABLE TIPO U DESNUDO HORQUILLA 4.2mm,DJ4413-4.2B,"1",,,,,,,,,"https://es.aliexpress.com/item/1005003457597684.html?spm=a2g0o.order_detail.order_detail_item.4.338439d3ba0Itl&gatewayAdapt=glo2esp
Terminal de crimpado prensado en frío desnudo en forma de horquilla, Terminal en Y de 100mm, 3,2mm, 4,2mm, 5,2mm, 6,2mm, co",0,,
375,74,FUNDA PROTECTORA DE PLASTICO CONECTOR ELECTRICO 2.8mm,GENERICO,"1",,,,,,,,,"Funda protectora de plástico enchufable, funda de terminal de enlace de 100 piezas, 2,8/4,8/6,3mm, tipo enchufable",0,"002-053",
376,19,"CONECTOR 2TO 1/4"" LINEAL - PLASTICO",PU 6.35mm Pipe,"1",,,,,,,,,"Conexión de manguera de ósmosis inversa 1/4 3/8, acoplamiento rápido 1/4, vástago en T recto L, junta de plástico para acuario de agua RO, accesorio de tubería",0,"001-055",
377,19,"TEE 3TO 1/4"" - PLASTICO","3 VIAS","1",,,,,,,,,"",0,"001-056",
378,9,CABLE CORDON POT 2*16,TCDU1650H87,"3",,,,,,,,,CORDON DUPLEX,0,"002-067",
379,75,LIJA PLOMERO GRANO 120,TLIPL120H872*45,"3",,,,,,,,,"",0,,
380,55,CINTA TEFLON 3/4,TCTF3/4XH87,"3",,,,,,,,,"13 METROS, CINTA DE TEFLON 3/4",0,,
381,55,"CINTA TEFLON 1""",TCTF1X13H87,"3",,,,,,,,,"13 METROS, CINTA DE TEFLON 1",0,,
382,55,"CINTA TEFLON 1/2"" 13M USO INDUSTRIAL",TCTF1/2 H87,"3",,,,,,,,,"13 METROS, CINTA DE TEFLON 1/2",0,,
383,73,BOTE PEGAMENTO 90 ML - CPVC,TPCPVC90H87,"1",,,,,,,,,"",0,,
384,11,"VALVULA ESFERA 3/4"" - CPVC",TPCPVC462H87,"1",,,,,,,,,"",0,,
385,55,"CONECTOR TO 1/2"" - LINEAL - CPVC",CONECTOR LINEAL,"1",,,,,,,,,COPLE DE CPVC,0,,
386,55,"CONECTOR TO 3/4"" - LINEAL - CPVC",CONECTOR LINEAL,"1",,,,,,,,,COPLE DE CPVC,0,,
387,55,"CONECTOR TO 3/4"" A TO 1/2"" - CPVC",CONECTOR LINEAL,"1",,,,,,,,,"REDUCCION BUSHING
CONECTOR TO 3/4"" A TO 1/2"" - CPVC",0,,
388,14,"TEE TO 3/4"" - CPVC",GENERICO,"1",,,,,,,,,"",0,,
389,18,"CODO 45° TO 1/2"" - CPVC",GENERICO,"1",,,,,,,,,CODETE,0,,
390,18,"CODO 45° TO 3/4"" - CPVC",GENERICO,"1",,,,,,,,,CODETE,0,,
391,35,"ABRAZADERA TIPO U 3/4"" - CPVC",GENERICO,"1",,,,,,,,,"",0,,
392,35,"ABRAZADERA TIPO U 1/2"" - CPVC",GENERICO,"1",,,,,,,,,"",0,,
393,76,"CONECTOR RM 1/2"" A TO 1/2"" - CPVC",CONECTOR LINEAL,"1",,,,,,,,,ADAPTADOR HEMBRA DE CPVC,0,,
394,76,"CONECTOR RM 3/4"" A TO 3/4"" - CPVC",CONECTOR LINEAL,"1",,,,,,,,,ADAPTADOR HEMBRA CPVC,0,,
395,76,"CONECTOR RH 1/2"" A TO 1/2"" - CPVC",CONECTOR LINEAL,"1",,,,,,,,,"",0,,
396,18,"CODO 2TO 1/4"" - PLASTICO",CODO,"1",,,,,,,,,https://www.aliexpress.com/p/order/detail.html?spm=a2g0o.order_list.order_list_main.13.13d2194dwJkf3x&orderId=8182530218585926,0,"001-011",
397,14,"TEE 2CM LINEAL 1/4"" A TO 1/4"" - PLASTICO",TEE,"1",,,,,,,,,"",0,"001-030",
398,18,"CODO CM 1/4"" A TO 3/8"" - PLASTICO",HDF-PE0604,"1",,,,,,,,,"HDF-PE0604 CODIGO HIDROGREEN
https://www.aliexpress.com/p/order/detail.html?spm=a2g0o.order_list.order_list_main.13.13d2194dwJkf3x&orderId=8182530218585926",0,"001-014",
399,14,"TEE 2CM 3/8"" A TO 3/8"" LINEAL - PLASTICO",TEE,"1",,,,,,,,,https://www.aliexpress.com/p/order/detail.html?spm=a2g0o.order_list.order_list_main.13.13d2194dwJkf3x&orderId=8182530218585926,0,"001-028",
400,19,"CONECTOR CM 3/8"" A RM 1/4"" - PLASTICO",HDF-MC0604,"1",,,,,,,,,HDF-MC0604 MODEL O HIDROGREEN,0,"001-059",
401,19,"CONECTOR CM 3/8"" A RM 3/8"" - PLASTICO",HDF-MC0606,"1",,,,,,,,,HDF-MC0606 MODELO HIDROGREEN,0,"001-065",
402,66,SAL 20 KILOS 1 SACO -  PELLETS,PELLETS,"1",,,,,,,,,"",0,"011-006",
403,55,"BOLSA DE MALLA DE NAILON 500 MESH 25 MICRON, 30 x 45 cm","500 Mesh 25 Micron, 30 x 45 cm","1",,,,,,,,,"",0,,
404,55,"BOLSA DE MALLA DE NAILON 500 MESH 25 MICRON, 40 x 60 cm","500 MESH 25 MICRON, 40 x 60 cm","1",,,,,,,,,"",0,,
405,64,"BOLSA DE MALLA DE NAILON 500 MESH 25 MICRON, 20 x 30 cm","500 MESH 25 MICRON, 20 x 30 cm","1",,,,,,,,,"",0,,
406,55,"BOLSA DE MALLA DE NAILON 500 MESH 25 MICRON, 15 x 20 cm","500 MESH 25 MICRON, 15 x 20 cm","1",,,,,,,,,"",0,,
407,19,"CONECTOR CM 1/4"" A RM 1/8"" - LINEAL PLASTICO","1042","1",,,,,,,,,https://es.aliexpress.com/item/1005004256460289.html?spm=a2g0o.order_detail.order_detail_item.4.432739d3jBUrD6&gatewayAdapt=glo2esp,0,"001-063",
408,12,BOMBA DE AGUA 1200 GDP 24 VDC ,"1200GDP","1",,,,,,,,,"Bomba de refuerzo 1200 gpd + adaptador de corriente, membrana RO, sistema de ósmosis inversa, piezas de purificador de agua para cocina",0,"003-005",
409,66,"SUAVIZADOR 9"" X 48"" VALVULA 604 TIMER DIGITAL MEDIDOR","631052 - 1 PIE","1",,,,,,,,,NOVEM,0,"011-003",
410,13,TANQUE PRESURIZADO CHALLENGER 33.4 GAL VERTICAL,PC-122,"1",,,,,,,,,TANQUE DE ALMACENAMIENTO DE AGUIA - NOVEM,0,"007-004",
411,13,TANQUE PRESURIZADO FLEXILITE 22 GAL VERTICAL - 83.28 LITROS,FL-7,"1",,,,,,,,,"75 LITROS",0,"007-002",
412,55,"INTERRUPTOR DE PRESION AQUEX 20-40 PSI CONEXIÓN 1/4""H",MPS20-40,"1",,,,,,,,,SUAVIZADOR,0,"011-004",
413,55,"MANOMETRO AQUEX 0-100 PSI CONEXIÓN 1/4"" M INTERIOR GLICERINA",PGL100,"1",,,,,,,,,SUAVIZADOR,0,"011-005",
414,55,"VALVULA DE ALIVIO DE PRESION A 75 PSI1/2""",PRV50,"1",,,,,,,,,SUAVIZADOR,0,,
415,10,"FILTRO DE CARTUCHO CARBON ACT. GAC 20X 2.5""","601541","1",,,,,,,,,"CARTUCHO CARBON ACT. GAC 20X 2.5""
RELLENABLE GAC-20NR",0,"004-002",
416,10,"FILTRO DE CARTUCHO CARBON ACT. GAC 10X2.5""","601540","1",,,,,,,,,"CARTUCHO CARBON ACT. GAC 10X 2.5""",0,"004-006",
417,55,"BOLSA POLIPROPILENO 10"" 5 MICRA, BP-410-5","607152","1",,,,,,,,,"COLADOR, COLAR RESINA",0,,
418,55,"BOLSA POLIPROPILENO 20"" 5 MICRAS","607146","1",,,,,,,,,"COLADOR, COLAR, RESINA",0,,
419,55,CARBON ACTIVADO VEGETAL,"601151","2",,,,,,,,,CARBON ACTIVADO VEGETAL 12X30 ( 1PIE3 ) VIENE EN SACOS DE 12.47379 KILOS,0,"004-058",
420,77,RESINA CATIONICA AQUEX,"601196","7",,,,,,,,,RESINA CATIONICA AQUEX PIE3 SACOS DE 21 KILOS,0,"014-002",
421,55,BALERO TIM6203-2RSC3,"6203","1",,,,,,,,,RODAMIENTO UNIDAD MEDIDA SAT H87 CLAVE SAT 31171500,0,,
422,55,"MENSULA REFORZADA 13 X 20"" NEGRA",TMER20N,"1",,,,,,,,,"",0,,
423,55,"TEE 3RH 1/2"" PVC",VDTRI3,"1",,,,,,,,,"TEE RH 1/2"" CPVC, ",0,,
424,55,"NIPLE CORRIDO 1/2"" PVC",VNCN-1,"1",,,,,,,,,"CONECTOR 2RM 1/2"" CPVC",0,,
425,11,"VALVULA ESFERA CM 3/8"" A RH 1/2"" A RM 1/2"" - LATON","3 VIAS (2)","1",,,,,,,,,"Válvula de bola tipo T de entrada de filtro de agua RO, piezas de montaje de latón de plástico y Metal, rosca macho hembra, interruptor de Control de conector rápido",0,"001-035",
426,11,"VALVULA ESFERA CM 1/4"" A RH 1/2"" A RM 1/2"" - LATON","3 VIAS (1)","1",,,,,,,,,"Válvula de bola tipo T de entrada de filtro de agua RO, piezas de montaje de latón de plástico y Metal, rosca macho hembra, interruptor de Control de conector rápido",0,"001-036",
427,72,BROCA ESCALONADA 12Z 3/8,TES12,"1",,,,,,,,,"",0,,
428,55,CONTROL AUTOMATICO DE PRESION,AQPC-13A,"1",,,,,,,,,KIT DE PRESION PRES10,0,"011-001",
429,6,PIJA PARA TAQUETE # 10 DE 1-1/4,TPILA10XH874,"1",,,,,,,,,"PIJA PARA LAMINA, # 10, 1-1/4""",0,,
430,6,"PIJA CARCASA SIN CALCE 2.5*10 # 8, 5/8""",TPILA8X5H87,"1",,,,,,,,,"PIJA PARA LAMINA #8, 5/8""",0,,
431,6,"PIJA CARCASA CON CALCE 2.5*10 # 8, 1""",TPILA8X1H87,"1",,,,,,,,,"PIJA PARA LAMINA #8 , 1"" PIJA PARA LAMINA, #8 , 1""",0,,
432,6,"TORNILLO BIG BLUE 5/16X1"" CABEZA HEXAGONAL",TTORM5/1H87,"1",,,,,,,,,"TORNILLO ACERO GALVANIZADO TIPO MAQUINA5/16X1""",0,,
433,12,BOMBA DE AGUA 800 GDP 24 VDC,BP-01 800G,"1",,,,,,,,,BOMBA BP-01 800G P/OSMOSIS SNOW BAR,0,"003-004",
434,10,"FILTRO RESINA RELLENABLE TRANSPARENTE 2.5*20"" CON CARBON ACTIVADO","607071","1",,,,,,,,,CARTUCHO RELLENABLE 2.5*20 PLG TRANSPARENTE CON CARBON ACTIVADO,0,"004-017",
435,8,"MANGUERA 1/4"" AMARILLA - PE","608275","3",,,,,,,,,"ROLLO DE MANGUERA 1/4"" AMARILLO ( 300MTS)",0,"008-003",
436,6,TORNILLO BOTON ALLEN INOX METRICA M3X35,M3X35,"1",,,,,,,,,"Tornillo redondo de acero inoxidable o negro, Perno Allen de cabeza hexagonal de grado 304, 5-50 piezas, ISO7380, M2, M2.5, M3, M4, M5, M8, 10,9, A2",0,,
437,6,TORNILLO BOTON ALLEN INOX METRICA M3X40,M3X40,"1",,,,,,,,,"",0,,
438,6,TORNILLO BOTON ALLEN INOX METRICA M3X50,M3X50,"1",,,,,,,,,"",0,,
439,6,TORNILLO BOTON ALLEN INOX METRICA M3X45,M3X45,"1",,,,,,,,,"",0,,
440,6,TORNILLO BOTON ALLEN INOX METRICA M3X30,M3X30,"1",,,,,,,,,"",0,,
441,6,TORNILLO BOTON ALLEN INOX METRICA M4X10,M4X10,"1",,,,,,,,,"",0,,
442,6,TORNILLO BOTON ALLEN INOX METRICA M4X12,M4X12,"1",,,,,,,,,"",0,,
443,55,"CINTA TEFLON 1"" USO INDUSTRIAL",USO INDUSTRIAL,"3",,,,,,,,,"",0,,
444,4,CONTACTO DUPLEX - DESCONTINUADO,"","1",,,,,,,,,"",0,"",
445,4,CONTACTO DE SOBREPONER DUPLEX SIN TIERRA,ECOSOD H87,"1",,,,,,,,,"",0,,
446,55,"CINTA TEFLON 3/4"" 13M USO INDUSTRIAL",TCTF3/4XH87,"1",,,,,,,,,"",0,,
447,4,"CINTA TEFLON 3/4"" 7M","7M","1",,,,,,,,,"",0,,
448,4,"CINTA TEFLON 1"" 7M","7M","1",,,,,,,,,"",0,,
449,72,JUEGO DE DESARMADOR TIPO MATRACA 24 PIEZAS,TRUPER,"1",,,,,,,,,"",0,,
450,36,SOPORTE CARCASA 2.5*20 IDM - PLASTICO,PARA RESINA,"1",,,,,,,,,BASE,0,"009-010",
451,36,BASE PANTALLA TDS DOBLE - IDM,GENERICO,"1",,,,,,,,,"",0,,
452,36,SOPORTE REDUCTOR MEMBRANA 3012 A T33-UV - IDM,"3012 A T33-UV IDM","1",,,,,,,,,REDUCCION,0,"009-003",
453,36,SOPORTE CARCASA MEMBRANA 3012 - PLASTICO IDM,IDM,"1",,,,,,,,,BASE ,0,"009-006",
454,55,CUBIERTA PANTALLA TDS - TPU IDM,IDM,"1",,,,,,,,,"",0,"009-002",
455,18,"CODO ACERO INOXIDABLE 2RH 1/4""","304","1",,,,,,,,,"",0,"001-010",
456,1,CONECTOR FESTO PLASTICO MANGUERA DE 6 MM OZONO,DSI,"1",,,,,,,,,"SIRVE PARA CONECTAR EL SOPORTE DE OZONO A LA MANGUERA, SE INSTALA EN EL CODO DE ACERO INOXIDABLE DEL DISPENSADOR",0,,
457,55,TAPA BASE ACERO INOXIDABLE,INOX,"1",,,,,,,,,"FABRICACION DE TAPA EN ACERO INOXIDABLE CAL 16 CON DOBLES Y DISEÑO SOLICITADA, CON DIMENSIONES GENERALES DE: 46 CM DE ANCHO X 37 CM DE FONDO CON CEJAS PERIMETRAL DE 4 CM, SE CONSIDERA APLICACION DE SOLDADURA EN PROCESO TIG Y ACABADO PULIDO.",0,,
458,19,"TEE 2CM 1/4"" A RM 1/4"" - PLASTICO LINEAL","1007","1",,,,,,,,,"2 CONEXION MANGUERA TIPO CODO A ROSCA MACHO TODO 1/4",0,"001-026",
459,46,BASE LAMINA 40*22 OSMOSIS 100GDP,"40*22 ","1",,,,,,,,,BASE DONDE SE ARMA EL OSMOSIS DE 100GDP,0,,
460,20,"LLAVE DE GANSO 1/4"" - PEQUEÑA MANGO PLASTICO","607670","1",,,,,,,,,"",0,"012-003",
461,36,SOPORTE CARCASA MEMBRANA 1812 - 2012 - PLASTICO,"57 MM","1",,,,,,,,,BASE ORIGINAL,0,"009-008",
462,36,SOPORTE CARCASA MEMBRANA 1812 - 2012 - IDM PLASTICO,"4002","1",,,,,,,,,BASE - IDM 57 MM,0,"009-007",
463,36,SOPORTE CARCASA UV-T33 - PLASTICO,"45 MM","1",,,,,,,,,BASE ORIGINAL,0,"009-009",
464,36,SOPORTE CARCASA UV-T33 - IDM PLASTICO,IDM 45 MM,"1",,,,,,,,,BASE,0,"009-005",
465,36,SOPORTE INACTIVO,IDM,"1",,,,,,,,,"",1,,
466,36,SOPORTE REDUCTOR MEMBRANA 1812 A T33-UV - IDM,"1812 A UV-T33 IDM","1",,,,,,,,,REDUCCION,0,"009-004",
467,33,CAJA PARA GUARDAR CABLES VARIOS - PLASTICO IDM,IDM,"1",,,,,,,,,"",0,"009-001",
468,10,"FILTRO 5 MICRAS (PP) DE 4.5""x20""","607880","1",,,,,,,,,polyspun,0,"004-014","PP-4.5*20"""
469,10,"FILTRO (GAC) DE 4.5""X20"" DE 5 MICRAS","607887","1",,,,,,,,,CARTUCHO DE CARBON ACTIVADO,0,"004-008","GAC-4.5*20"""
470,52,"CARCASA DE MEMBRANA 3013 3TO 3/8""","400 A 800 GDP CHINO","1",,,,,,,,,"CARCASA DE MEMBRANA 3013 -3/8"" 400GDP, 600GDP, 400 GDP, MODELO LARGO MODELO CHINO 800",0,"004-024",
471,51,MEMBRANA 800GDP - 3013,"3013","1",,,,,,,,,"PARA SISTEMAS ÓSMOSIS INVERSA, INDUSTRIAL, CHINO",0,"004-026",
472,53,"VALVULA DE ALIVIO PRESION DE AGUA 3/8"" TIPO TORRE","ETK-CT 3/8""","1",,,,,,,,,"Válvula de alivio de presión de agua, regulador reductor de presión de agua, manguera, conexión rápida, sistema de ósmosis inversa RO",0,,
473,53,"VALVULA DE ALIVIO PRESION DE AGUA 2CM 1/4"" TIPO TORRE","ETK-CT 1/4""","1",,,,,,,,," Válvula de alivio de presión de agua, regulador reductor de presión de agua, manguera, conexión rápida, sistema de ósmosis inversa RO",0,"001-083",
474,53,"VALVULA DE ALIVIO PRESION DE AGUA 3/8"" TIPO TROMPO","3/8""","1",,,,,,,,,"Válvula de alivio de presión de agua RO, regulador reductor de presión de agua, manguera OD de 1/4 ""3/8"", conexión rápida, sistema de ósmosis inversa RO",0,,
475,53,"VALVULA DE ALIVIO PRESION DE AGUA 1/4"" TIPO TROMPO","1/4""","1",,,,,,,,,"Válvula de alivio de presión de agua RO, regulador reductor de presión de agua, manguera OD de 1/4 ""3/8"", conexión rápida, sistema de ósmosis inversa RO",0,,
476,10,FILTRO REFRIGERADOR SAMSUNG DA97-17376B,A97-17376B,"1",,,,,,,,,"Reemplazo de filtro de agua para refrigerador Samsung original, DA97-17376B, EXP, 3 piezas, HAF-QIN",0,,
477,10,FILTRO REFRIGERADOR GENERAL ELECTRIC MWF,MWF,"1",,,,,,,,,"Reemplazo del filtro de agua del refrigerador general electric MWF, 1 paquete",0,,
478,10,FILTRO REFRIGERADOR LG LT1000P,LG LT1000P,"1",,,,,,,,,"Recambio de filtro para refrigerador LG LT1000P, ADQ74793501, ADQ74793502, MDJ64844601, Kenmore 46-9980, 9980, 1 paquete",0,,
479,10,FILTRO REFRIGERADOR LG LT700P,LG LT700P,"1",,,,,,,,,"LG-Repuesto de filtro de agua para refrigerador LT700P, ADQ36006101, ADQ36006102, KENMORE 469690, 2 paquetes",0,,
480,10,FILTRO REFRIGERADOR GENERAL ELECTRIC CO GE XWF,XWF,"1",,,,,,,,,"Reemplazo de filtro de agua para refrigerador General Electric Co GE XWF, paquete de 1 unidad",0,,
481,10,FILTRO REFRIGERADOR BOSCH 644845 9000194412,"644845 9000194412","1",,,,,,,,,"Bosch-filtro de agua para refrigerador, repuesto 644845 9000194412, ultra-clean, 1 paquete",0,,
482,10,FILTRO REFRIGERADOR FRIGIDAIRE WF3CB,WF3CB,"1",,,,,,,,,"Frigidaire WF3CB-filtro de repuesto puresses, 1 paquete",0,,
483,10,FILTRO REFRIGERADOR LG LT600P,LG LT600P,"1",,,,,,,,,"Reemplaza el filtro de refrigerador LG LT600P, adecuado para 5231JA2006, 5231JA2006A, 5231JA2005A, 5231JA2006F, 5231JJ200 1C. 1",0,,
484,10,FILTRO REFRIGERADOR LG M7251242FR-06,M7251242FR-06,"1",,,,,,,,,"Filtro de agua LG de repuesto, M7251242FR-06, M7251252FR-06, M7251253-06,",0,,
485,55,"FLOTADOR CONTROL DE NIVEL DE AGUA AUTOMATICO 1/2""","1/2""","1",,,,,,,,,"Válvula de bola flotante de acero inoxidable, Control automático del nivel de agua, flotador, tanque de agua, torre de apagado, 1/2, 3/4",0,,
486,55,"FLOTADOR CONTROL DE NIVEL DE AGUA AUTOMATICO 3/4""","3/4""","1",,,,,,,,,"Válvula de bola flotante de acero inoxidable, Control automático del nivel de agua, flotador, tanque de agua, torre de apagado, 1/2, 3/4",0,,
487,55,ETIQUETA ADHESIVA TRANSPARENTE 40*60,TM4060,"1",,,,,,,,,https://es.aliexpress.com/item/1005006484067103.html?spm=a2g0o.order_detail.order_detail_item.3.57cf39d33np85o&gatewayAdapt=glo2esp,0,,
488,55,ETIQUETA ADHESIVA  PARA FOLDER 50*60 ROUXIA ,"333-5060-ROUXIA","1",,,,,,,,,https://es.aliexpress.com/item/1005006438300928.html?spm=a2g0o.order_detail.order_detail_item.5.57cf39d33np85o&gatewayAdapt=glo2esp,0,,
489,55,ETIQUETA ADHESIVA TRANSPARENTE 40*20,TM4020,"1",,,,,,,,,https://es.aliexpress.com/item/1005006484067103.html?spm=a2g0o.order_detail.order_detail_item.3.57cf39d33np85o&gatewayAdapt=glo2esp,0,,
490,55,IMPRESORA TERMICA PORTATIL B21 NEGRA,B21S,"1",,,,,,,,,"Niimbot-Mini impresora térmica portátil B21, máquina de impresión de etiquetas adhesivas de bolsillo, inalámbrica, Bluetooth",0,,
491,34,FUENTE DE ALIMENTACION 120V AC/ 24 VDC 8A,"8A (49)","1",,,,,,,,,https://es.aliexpress.com/item/32986101102.html?spm=a2g0o.order_detail.order_detail_item.4.7dc839d3QZT48x&gatewayAdapt=glo2esp,0,"002-059",
492,13,TANQUE PRESURIZADO FLEXILITE 65 GAL VERTICAL - 246 LITROS,"65 GAL","1",,,,,,,,,TANQUE PRESURIZADO FLEXILITE 65 GAL VERTICAL - 246 LITROS,0,"007-014",
493,13,TANQUE FLEXILITE 90GL-340L ,FIBRA DE VIDRIO,"1",,,,,,,,,TANQUE FLEXILITE 90GL-340L,0,"007-007",
494,10,"FILTRO (CTO) DE 2.5"" X 20"" - 5 MICRAS","607895","1",,,,,,,,,"FILTRO (CTO) DE 2.5"" X 20"" - 5 MICRAS",0,"004-009","CTO-2.5*20"""
495,69,"CARCASA DE FILTRO DE 2.5""*10"" DE 3/4"" - AZUL","607763","1",,,,,,,,,"Cartucho de filtro de 20 pulgadas, prefiltro azul de alto flujo, Conector de cobre de 3/4 pulgadas, carcasa de filtro comercial y doméstica.
PORTACARTUCHO AZUL # 10 EN 3/4"", CON PURGADOR ",0,"004-019",
496,69,"CARCASA DE FILTRO DE 2.5""*10"" DE 1/4"" TAPA PLANA","607761","1",,,,,,,,,"",0,"004-021",
497,6,"PIJA PARA LAMINA # 10, 1-1/2",TPILA10XH872,"1",,,,,,,,,"",0,,
498,55,SILICON TRANSPARENTE,SSI4T09 H87,"1",,,,,,,,,"",0,,
499,55,CINTA DE AISLAR 18M X 19MM,TM33X,"1",,,,,,,,,"",0,,
500,55,"CINTA DE ASILAR # 33 18M, AZUL","31201502 TM33Z H87","1",,,,,,,,,"",0,,
501,55,"CINTA TEFLON  1/2"", 13M","31201500 TCTF1/2X87","1",,,,,,,,,"",0,,
502,74,FUNDA PROTECTORA DE PLASTICO CONECTOR ELECTRICO 4.8mm,GENERICO,"1",,,,,,,,,FUNDA PROTECTORA DE PLASTICO CONECTOR ELECTRICO 4.8mm 4.8 sheath,0,"002-073",
503,79,"JUNTA DE SELLADO CARCASA FILTRO 2.5""*10""","92*8.5*.4","1",,,,,,,,,"Juntas de repuesto para filtros de agua, juntas tóricas de goma a prueba de fugas, universales, 10 pulgadas, 10 filtros. DIAMETRO EXTERIOR 9.2 CM, DIAMETRO INTERIOR 8.5 CM, GRUESO .4 CM",0,"004-046",
504,11,"LLAVE DE GANSO 3/8"" - GRANDE - CROMADA","SHNUOM 3/8""","1",,,,,,,,,"Grifo purificador de agua de cuello de cisne, filtro de agua potable de ósmosis inversa, cromado, 3/8 "", PE, conexión rápida, núcleo de cerámica",0,"012-004",
505,25,"VALVULA DE RETENCION 1/4"" - PLASTICO Hose-4",Straight Hose-4,"1",,,,,,,,,"Válvula de retención recta para codo de agua RO, accesorio de acoplamiento rápido, manguera 1/4 3/8, sistema de ósmosis inversa macho de 1/8 "", Conector de tubería de plástico. ",0,"001-080",
506,25,"CONECTOR VALVULA DE RETENCION 2CM 3/8"" - PLASTICO 9 52mm",For 9 52mm OD Hose,"1",,,,,,,,,"Válvula de retención recta para codo de agua RO, accesorio de acoplamiento rápido, manguera 1/4 3/8, sistema de ósmosis inversa macho de 1/8 "", Conector de tubería de plástico.",0,"001-082",
507,20,"LLAVE DE GANSO FLEXIBLE  1/4"" - CROMADO",FLEXIBLE,"1",,,,,,,,,"Grifo purificador de agua de cuello de cisne Universal, 1/4 de PE de conexión rápida "", acero inoxidable 304, agua potable directa, ósmosis inversa. LLAVE DE GANSO FLEXIBLE  1/4"" - PEQUEÑA CROMADO",0,"012-005",
508,1,CONECTOR FESTO ACERO INOXIDABLE MANGUERA DE 6 MM OZONO,"PC, 6mm OD Hose, 1I4 Thread","1",,,,,,,,,"Adaptador de acero inoxidable 304, 1/8, 1/4, 3/8, 1/2 PT, rosca 4, 6, 8, 10, 12mm, Conector de conexión rápida de tubo de compresión de aire neumático",0,"001-077",
509,34,FUENTE DE ALIMENTACION 120V AC/ 24 VDC 10A,"10A, US Plug, 24V (48)","1",,,,,,,,,https://es.aliexpress.com/item/1005005771729471.html?spm=a2g0o.order_detail.order_detail_item.4.16b439d3dVUCIB&gatewayAdapt=glo2esp,0,"002-060",
510,79,"JUNTA DE SELLADO 105x95x5mm CARCASA FILTRO 2.5""*20""","105x95x5mm","1",,,,,,,,,"Anillo de sellado de botella con filtro de 20 pulgadas, junta tórica de goma de silicona, purificador de agua, anillo de cuero grueso, anillo impermeable de 105x95x5mm",0,"004-048",
511,79,"JUNTA DE SELLADO CARCASA FILTRO 4.5""*20""","143x132x5,5","1",,,,,,,,,"Anillo de sellado de botella de filtro de grasa grande, goma de silicona, purificador de agua, anillo de cuero grueso, anillo impermeable 143x132x5,5",0,"044-046",
512,38,"JUNTA DE SELLADO FILTRO 2.5""*10""",Heightening Silica gel Gasket,"1",,,,,,,,,"Purificador de agua a presión, elemento de filtro plano, junta de gel de sílice, grosor de 3mm, anillo de sellado de filtro a prueba de fugas de botella",0,,
513,25,"VALVULA DE RETENCION 1/4"" - PLASTICO Hose-6",Straight Hose-6,"1",,,,,,,,,"Válvula de retención recta para codo de agua RO, accesorio de acoplamiento rápido, manguera 1/4 3/8, sistema de ósmosis inversa macho de 1/8 "", Conector de tubería de plástico.  VALVULA DE RETENCION 1/4"" - PLASTICO",0,"001-081",
514,25,"VALVULA DE RETENCION 2CM 1/4"" - PLASTICO Hose-2",Straight Hose-2,"1",,,,,,,,,"Válvula de retención recta para codo de agua RO, accesorio de acoplamiento rápido, manguera 1/4 3/8, sistema de ósmosis inversa macho de 1/8 "", Conector de tubería de plástico.  VALVULA DE RETENCION 1/4"" - PLASTICO Hose-2",0,"001-079",
515,12,BOMBA PRESURIZADORA 1/6 HP1,AQC-15,"1",,,,,,,,,"",0,"003-009",
516,79,"JUNTA DE SELLADO 100x96x5mm CARCASA FILTRO 2.5""*20"" O-RING",OD100xCS5-10pcs,"1",,,,,,,,,"JUNTA DE SELLADO 100x96x5mm CARCASA FILTRO 2.5""*20""",0,"004-049",
517,46,BASE TIPO CHAROLA ACERO INOX 70*30*40,"","1",,,,,,,,,"",0,,
518,10,FILTRO REFRIGERADOR SAMSUNG DA97-08006A,DA97-08006A,"1",,,,,,,,,"Reemplazo de filtro de agua de refrigerador Samsung, DA29-00020B DA29-00020A para Samsung/B, HAF-CIN/EXP, RF28HFEDBSR, DA97-08006A",0,,
519,55,"MEDIDOR DE PRESION DE AGUA 150 PSI TO 1/4""","1I4 Pipe Gauge","1",,,,,,,,,"Medidor de presión de agua para el hogar, purificador de agua para grifo, medidor de alivio de presión, regulador 1/4, manguera de tubería, rosca 1/2, 0-1MPa, 150PSI RO",0,,
520,14,"TEE 2CM 3/8"" A RM 1/4"" - PLASTICO","PB, 3I8 Hose-1I4 Thread","1",,,,,,,,,https://es.aliexpress.com/item/100500 2543221511.html?spm=a2g0o.order_detail.order_detail_item.4.3cec39d3TGRgiP&gatewayAdapt=glo2esp,0,"001-027",
521,19,"CONECTOR CM 3/8"" A RHE 1/4"" - PLASTICO","PCF, 3I8 Hose-1I4 Thread","1",,,,,,,,,https://es.aliexpress.com/item/100500 2543221511.html?spm=a2g0o.order_detail.order_detail_item.7.3cec39d3TGRgiP&gatewayAdapt=glo2esp,0,"",
522,18,"CODO CM 3/8"" A RH 1/4"" - PLASTICO","PLF, 3I8 Hose-1I4 Thread","1",,,,,,,,,https://es.aliexpress.com/item/10050 02543221511.html?spm=a2g0o.order_detail.order_detail_item.10.3cec39d3TGRgiP&gatewayAdapt=glo2esp,0,"001-008",
523,80,PORTA LAMPARA UV 6W,"2001","1",,,,,,,,,PL-UV6W,0,"005-008",
524,47,LAMPARA UV 6W,"607750","1",,,,,,,,,L-UV6W,0,"005-001",UV 6W
525,80,MANGA DE CUARZO LAMPARA 6W,"607754","1",,,,,,,,,MCL-UV6W,0,"005-009",
526,56,BALASTRO LAMPARA UV DE 110V/ 6 WATTS,"607752","1",,,,,,,,,B-UV6W,0,"005-004",
527,12,"DOSIFICADORA CLORO PULSATRON C 30 GDP, 80PSI 110V","605016","1",,,,,,,,,"",0,"003-012",
528,10,"CLAIRIFY RO10, 10""*2"", 0.5GPM","654501","1",,,,,,,,,"CLAIRIFY RO10, 10""*2"", 0.5GPM CONEXION 1/4 FTP, 3/8""",0,"004-035","DC-10""*2"""
529,6,TORNILLO HEXAGONAL INOX METRICA M4X20,"M4 ( 10set ), 20mm","1",,,,,,,,,"Juego de tornillos y tuercas hexagonales de acero inoxidable, extensión completa grande",0,,
530,6,TORNILLO HEXAGONAL INOX METRICA M6X20,"M6 (5set), 20mm","1",,,,,,,,,"Juego de tornillos y tuercas hexagonales de acero inoxidable, extensión completa grande",0,,
531,79,"JUNTA DE SELLADO 90x5mm CARCASA FILTRO 2.5""*10"" O-RING",OD90xCS5-10pcs,"1",,,,,,,,,"JUNTA DE SELLADO 90x5mm CARCASA FILTRO 2.5""*20"" O-RING",0,"004-047",
532,10,"FILTRO (GAC) DE 2.5"" X 20"" DE 5 MICRAS","607885","1",,,,,,,,,"FILTRO (GAC) DE 2.5"" X 20"" DE 5 MICRAS CARBON ACTIVADO GRANULAR",0,"004-001","GAC-2.5*20"""
533,49,DESCALCIFICADOR INTERNO 99% PP - TABLETAS TIPO ESCUDO,YQ3520 - 99% FOF,"1",,,,,,,,,DESCALCIFICADOR INTERNO 99% FILTRO PP - TABLETAS TIPO ESCUDO,0,"006-010",
534,49,"FILTRO INHIBIDOR DE ESCALA FOF 10""",SY-FOF,"1",,,,,,,,,"Filtro purificador de agua de 10 pulgadas, sistema de ósmosis inversa Ro, 248x76mm. 
VOLUMEN DE PURIFICACION DE AGUA 2 LITROS POR MINUTO
PRESION DE AGUA APLICABLE: 0,1 - 0,4 MPA
VOLUMEN DE AGUA PURIFICADA 3-7 T
COMPOSICION: 24 GRMS FOF - 318 GRMS CARBON",0,"004-005",
535,49,DESCALCIFICADOR AL-WS100,AL-WS100,"1",,,,,,,,,"ALTHY AL-WS100-sistema suavizante de agua para toda la casa, máquina anticorrosión, anticorrosión y agua dura, IPS
● Anti-escalado:

El sistema IPSE cambia la estructura de iones en el agua que pasa a través del equipo, de modo que Ca + (iones de calcio),",0,"006-008",
536,81,"SDS PLUS EXTENSION 110mm SIERRA AGUJERO PARED, BROCA HORMIGON","110mm","1",,,,,,,,,"",0,"020-005",
537,81,"SDS PLUS EXTENSION 200mm SIERRA AGUJERO PARED, BROCA HORMIGON","200mm","1",,,,,,,,,"SDS PLUS EXTENSION 200mm SIERRA AGUJERO PARED, BROCA HORMIGON",0,"020-004",
538,81,"SDS PLUS SIERRA AGUJERO PARED, BROCA HORMIGON 40mm","40mm","1",,,,,,,,,"SDS PLUS SIERRA AGUJERO PARED, BROCA HORMIGON ",0,"020-003",
539,81,"SDS PLUS SIERRA AGUJERO PARED, BROCA HORMIGON 45mm","45mm","1",,,,,,,,,"",0,"020-002",
540,81,BROCA RECUBIERTA DIAMANTE 14mm PARA GRANITO,"14mm","1",,,,,,,,,"",0,,
541,42,"SOLENOIDE 24V DC CM1/4"" - CON LIMITE DE FLUJO 300cc-18SEG SIN PANTALLA",FPD-90J30-DC24V,"1",,,,,,,,,"Válvula Solenoide purificadora de agua, dispositivo de conexión rápida CNKB DC24V RO con límite de flujo de 300CC y 18 segundos, descarga automática",0,"002-062",
542,49,PRE FILTRO INHIBIDOR DE ESCALA OSWNKW-07,OSWNKW-07,"1",,,,,,,,,"FILTRO INHIBIDOR DE ESCALA OSWNKW-07
FLUJO 5 LITROS POR MINUTO
VOLUMEN TOTAL 20,000 LITROS
RECAMBIO CADA 6 MESES",0,"006-002",
543,82,"TEE DN 15 - 1/2"" 20mm OSWNKW-06 PARA FILTRO INHIBIDOR DE ESCALA OSWNKW-07",OSWNKW-06,"1",,,,,,,,,https://es.aliexpress.com/item/1005006401779922.html?spm=a2g0o.order_list.order_list_main.126.73c8194dtH4hzg&gatewayAdapt=glo2esp,0,"006-003",
544,55,"TUBO AISLADOR RUIDO MANGUERA 3/8""","39121719","1",,,,,,,,,"PIEZA DE 1.8 DE LARGO SALEN 4 PIEZAS. INSUL TUBE MOD. INST002 3/8 Tubo de goma de esponja de 1,8 M, soporte de tubería impermeable negro, aislamiento térmico Tubular, Protector de tubo de manga protectora TUBO DE ESPUMA",0,,
545,13,TANQUE PRESURIZADO AQUEX 24 LTS,TPQH-6,"1",,,,,,,,,"",0,"007-013",
546,13,TANQUE P/RO 11G METALICO,"608291","1",,,,,,,,,"",0,"007-001",
547,10,"CLAIRIFY RO10, 6""*2"", 0.5GPM","654500","1",,,,,,,,,"CLAIRIFY RO10, 6""*2"", 0.5GPM",0,"004-066","DC-6""*2"""
548,49,"FILTRO INHIBIDOR DE ESCALA FOF 20""",IDM,"1",,,,,,,,,"FILTRO INHIBIDOR DE ESCALA FOF 20"" ECHO EN IDM CON 2 DESCALCIFICADOR INTERNO 10G 95% PP - PASTILLAS Y 600 GRMS DE CARBON VEGETAL",0,"006-011",
549,13,TANQUE P/RO 6G METALICO,"608290","1",,,,,,,,,TANQUE P/RO 6G METALICO,0,"007-005",
550,55,"TUBO AISLADOR RUIDO MANGUERA 1/4""",A1,"1",,,,,,,,,"PIEZA DE 1.8 DE LARGO SALEN 4 PIEZAS. INSUL TUBE MOD. INST002 3/8 Tubo de goma de esponja de 1,8 M, soporte de tubería impermeable negro, aislamiento térmico Tubular, Protector de tubo de manga protectora. TUBO DE ESPUMA",0,,
551,12,DOSIFICADORA CLORO 110V 3.6 L/H,FH1457 - 03008,"1",,,,,,,,,"Bomba dosificadora de ácido, equipo electromagnético automático de microdosificación cuantitativa, diafragma eléctrico, 220V, 110V",0,"003-013",
552,66,SUAVIZADOR DE GABINETE AQUEX VALVULA 604 MEDIDOR 1.25FT3,"651491","1",,,,,,,,,"",0,"011-013",
553,13,TANQUE P/RO 20G METALICO,"608292","1",,,,,,,,,"654501",0,"007-012",
554,59,BATERIA DE POLIMERO DE LITIO 1.2V 40MaH,Ni-MH 40H,"1",,,,,,,,,"Batería recargable Ni-MH de 1,2 V y 40mAh, pila de botón con pines de soldadura para juguetes, temporizador, LED, calendario, energía Solar eléctrica, novedad",0,,
555,11,"VALVULA ESFERA CM 3/8"" A RH 1/4"" - PLASTICO","2 VIAS - TIPO L (TANQUE)","1",,,,,,,,,"LLAVE, CM=CONEXION MANGUERA, RH=ROSCA HEMBRA o INTERIOR",0,"001-046",
556,11,"VALVULA ESFERA CM 3/8"" A RH 3/8"" - PLASTICO","2 VIAS - TIPO L (TANQUE)","1",,,,,,,,,"LLAVE, CM=CONEXION MANGUERA, RH=ROSCA HEMBRA o INTERIOR",0,"001-043",
557,61,PANTALLA TDS DUAL PARA MAQUINA DE AGUA (PLACA DE CONTROL) PARA DOS SENSORES,DUAL TDS,"1",,,,,,,,,"",0,"002-019",
558,24,"HOLDER SENSOR MANGUERA 3/8""",SOPORTE,"1",,,,,,,,,PARA SENSOR DE AGUA DEL OSMOSIS DETECTA FALTA DE AGUA (NO PRESION SOLO AGUA),0,,
559,24,"HOLDER SENSOR MANGUERA 1/4""",SOPORTE,"1",,,,,,,,,PARA SENSOR DE AGUA DEL OSMOSIS DETECTA FALTA DE AGUA (NO PRESION SOLO AGUA),0,,
560,8,MANGUERA DE SILICON RESISTENTE A LA CORROSION GRIS GRADO ALIMENTICIO,ID4MM OD7MM,"3",,,,,,,,,"Tubo de ozono de silicona de grado alimenticio, tubo gris de 4x7mm que funciona con menos de 60 y 220 grados, resistente al ozono, gran resistencia, 5 metros/lote",0,"008-006",
561,55,PIEDRA POROSA DE BURBUJA DE AIRE PARA OZONO BLANCO,"","1",,,,,,,,,"",0,"002-029",
562,55,GRAPA CURVA 16MM BLANCA,EGCU16BH87,"1",,,,,,,,,"",0,,
563,55,GRAPA CURVA 12 MM BLANCA,EGCU12BH87,"1",,,,,,,,,"",0,,
564,55,ABRAZADERA DE TUBO TIPO U 1/2' PLASTICO,EAU1/2H87,"1",,,,,,,,,"",0,,
565,55,ABRAZADERA DE TUBO TIPO U 3/8',EAU3/8H87,"1",,,,,,,,,"",0,,
566,55,GRAPA CABLE PLANO BCO 5MM X 8.5 MM,EGPL8B,"1",,,,,,,,,"",0,,
567,55,SELLADOR TRANSPARENTE 100% DE SILICA 85GRM,TSIL85TH87,"1",,,,,,,,,"",0,,
568,55,GRAPA CURVA 10 MM BLANCA,EGCU10BH87,"1",,,,,,,,,"",0,,
569,55,GRAPA CURVA 8MM BLANCA,EGCU8BH87,"1",,,,,,,,,"",0,,
570,55,"PINZA DE PRESION 5"" MORDAZA CURVA",TPPT5C,"1",,,,,,,,,"",0,,
571,55,LLAVE AJUSTABLE PERICO PECO6P,PPECO6P,"1",,,,,,,,,"",0,,
572,55,"PINZA DE PRESION 4"" MORDAZA CURVA",TPPT4C,"1",,,,,,,,,"",0,,
573,55,ACEITE AFLOJATODO 110ML COLGANTE,TWT110H87,"1",,,,,,,,,"",0,,
574,55,SUBDRIVE UTILITY FRANKLIN 1/2-2HP 230V 3H/3F SN:23C151502409A,VARIADOR DE PRESION DE AGUA FRANKLIN 230V - 5870202303,"1",,,,,,,,,DISTRIBUIDOR RIVAS (FERRETERA Y MAQUINARIA DEL BAZAR),0,"030-003",
575,13,TANQUE HIDRONEUMATICO LGT LITLLE GIANT 6G METAL ,LGT16G,"1",,,,,,,,,DISTRIBUIDOR RIVAS (FERRETERA Y MAQUINARIA DEL BAZAR SA DE CV),0,"007-010",
576,55,TERMOENCOGIBLES # 10,KITEMP10,"1",,,,,,,,,"",0,"031-001",
577,83,SOLENOIDE 12V RM1/2,"12V","1",,,,,,,,,SIRVE PARA DISPENSADORES DE AGUA CON GARRAFON ABAJO,0,"002-065",
578,42,"SOLENOIDE 24V DC CM1/4"" CON REGULADOR DE FLUJO PARA PANTALLA",FCD-D,"1",,,,,,,,,https://es.aliexpress.com/item/1005005202942307.html?spm=a2g0o.order_list.order_list_main.62.4ae9194dlGtwzG&gatewayAdapt=glo2esp,0,"002-061",
579,13,"TANQUE DE SALMUERA 18"" X 33"" CON TAPA","601071","1",,,,,,,,,"",0,"007-008",
580,12,BOMBA SUMERGIBLE ARENKA 1/2 HP GPM 4 ETAPAS 1/60/120-127V,"20AQD05121","1",,,,,,,,,"",0,"003-011",
581,66,SUAVIZADOR DE GABINETE AQUEX VALVULA 604 MEDIDOR 1FT³,"651490","1",,,,,,,,,Suavizador de gabinete de 1 ft3 con valvula 604 timer que remueve el calcio y el magnesio contenidos en el agua a traves del intercambio ionico con NaCl.,0,"011-014",
582,12,BOMBA DE REFUERZO DE 24V 180W PARA OSMOSIS,"45 LITROS POR MINUTO","1",,,,,,,,,"",0,"003-010",
583,19,"CODO CM 3/8"" A RME 3/8"" - PLASTICO",CODO,"1",,,,,,,,,"CM: CONEXION MANGUERA, RME: ROSCA MACHO CON EMPAQUE",0,"001-001",
584,51,MEMBRANA 50 GPD - 1812,"50g","1",,,,,,,,,"",0,"004-032",
585,55,EXTENSION DOMESTICA BLANCA 2 MTS,ED132B,"1",,,,,,,,,"",0,"002-005",
586,19,"CONECTOR CM 1/4"" A RH 10.5 - PLASTICO",LINEAL,"1",,,,,,,,,"",0,"",
587,82,"CONECTOR RM 1"" A RH 1/2"" PVC","","1",,,,,,,,,"",0,"001-075",
588,19,"CONECTOR ACERO INOXIDABLE 2RH 1/4""","","1",,,,,,,,,"",0,"001-057",
589,19,"VALVULA ESFERA CM 1/4"" A CM 3/8"" - PLASTICO","6.35mm To 9.52mm","1",,,,,,,,,"",0,"001-050",
590,19,"TEE 2CM 1/4"" A CM 3/8"" - TIPO CODO PLASTICO","","1",,,,,,,,,"",0,"001-025",
591,34,CONECTOR ELECTRICO DE PLASTICO TIPO PUSH 3 ENTRADAS UNA SALIDA POR ENTRADA,LINEAL,"1",,,,,,,,,"",0,"002-018",
592,32,SENSOR CAPACITIVO CIRCULAR 24V,B21-20B-02,"1",,,,,,,,,"",0,"002-022",
593,55,TEMPORIZADOR 110V - TIMER DIGITAL,CN101A,"1",,,,,,,,, ,0,"002-025",
594,79,"JUNTA DE SELLADO OD105xCS5 CARCASA FILTRO 2.5""*20"" O-RING",OD105xCS5,"1",,,,,,,,,"JUNTA DE SELLADO OD105xCS5 CARCASA FILTRO 2.5""*20"" O-RING Espesor del junta tórica 1,8/2,2/5 mm CS NBR sellado de nitrilo junta resistente a la temperatura anillo de goma completo en especificaciones",0,"004-036",
595,79,JUNTA DE SELLADO OD110xCS5 CARCASA FILTRO,OD110xCS5,"1",,,,,,,,,"Espesor del junta tórica 1,8/2,2/5 mm CS NBR sellado de nitrilo junta resistente a la temperatura anillo de goma completo en especificaciones",0,"004-037",
596,4,CONECTOR DE CABLE TIPO PALA HEMBRA MEDIA FUNDA AMARILLA 6.3MM AWG 10-12,"6.3mm yellow Female","1",,,,,,,,,https://es.aliexpress.com/item/1005004493230896.html?spm=a2g0o.order_detail.order_detail_item.3.36be39d3cq4UPc&gatewayAdapt=glo2esp,0,"002-047",
597,4,CONECTOR DE CABLE TIPO PALA HEMBRA MEDIA FUNDA AZUL 6.3MM AWG 12-14,"6.3mm blue Female","1",,,,,,,,,https://es.aliexpress.com/item/1005004493230896.html?spm=a2g0o.order_detail.order_detail_item.3.36be39d3cq4UPc&gatewayAdapt=glo2esp,0,"002-048",
598,4,CONECTOR DE CABLE TIPO PALA HEMBRA MEDIA FUNDA ROJA 6.3MM AWG 16-22,"6.3mm red Female","1",,,,,,,,,https://es.aliexpress.com/item/1005004493230896.html?spm=a2g0o.order_detail.order_detail_item.3.36be39d3cq4UPc&gatewayAdapt=glo2esp,0,"002-049",
599,4,CONECTOR DE CABLE TIPO PALA HEMBRA CON FUNDA 6.3MM AWG 16-14,AWG 16-14 BLUE,"1",,,,,,,,,"",0,"002-044",
600,74,FUNDA PROTECTORA DE PLASTICO CONECTOR ELECTRICO 6.3mm,GENERICO,"1",,,,,,,,,"",0,"002-074",
601,10,FRESHPOINT FDF1-RC PENTAIR,"655123-96","1",,,,,,,,," CARTUCHO PARA CLORO, SABOR Y OLOR",0,"004-038",
602,10,FRESHPOINT GR075-RC - MEMBRANA,"655122-96","1",,,,,,,,,"MEMBRANA, GR075-RC, 75 GPD",0,"004-039",
603,10,FRESHPOINT F1B1-RC,"655120-96","1",,,,,,,,,CARTUCHO PARA QUISTES Y PLOMO,0,"004-040",
604,10,FRESHPOINT F1GC-RC - GAC,"655117-96","1",,,,,,,,,"F1GC-RC, CARTRIDGE, GAC, 12/C",0,"004-007",
605,42,"SOLENOIDE 24V DOS ENTRADAS ROSCA HEMBRA 1/4"" ","607789","1",,,,,,,,,"VOLTAJE:DC24V  FPD360K
",0,"002-063",
606,19,"CONECTOR LINEAL CM 1/4"" A RM 1/2""","","1",,,,,,,,,"",0,"001-060",
607,18,"CODO CM 1/4"" A RM 1/2"" - PLASTICO","","1",,,,,,,,,"",0,"001-020",
608,19,"CONECTOR LINEAL CM 1/4"" A RH 1/8","","1",,,,,,,,,"",0,"001-067",
609,19,"CONECTOR LINEAL CM 3/8"" A RH 1/4 LINEAL PLASTICO","","1",,,,,,,,,"",0,"001-068",
610,19,"CONECTOR LINEAL CM 3/8"" A RH 1/2""","","1",,,,,,,,,"",0,"001-071",
611,16,"REDUCTOR CAMPANA RH 3/4"" A RH 1/2"" PVC",DRC1 H87,"1",,,,,,,,,"31162800 DRC1 H87",0,"001-094",
612,37,O-RING PARA MANGA DE CUARZO,"","1",,,,,,,,,"CORONWATER-MANGA DE DESINFECCION UV, JUNTA TORICA",0,"005-005",
613,81,"SDS PLUS SIERRA AGUJERO PARED, BROCA HORMIGON 50mm","50MM","1",,,,,,,,,"SDS PLUS SIERRA AGUJERO PARED, BROCA HORMIGON 50mm",0,"020-001",
614,9,CABLE CORDON POT 2*18,ECDU18,"1",,,,,,,,,CABLE PARA ARMAR LA LUZ UV EN LOS EQUIPOS DE OSMOSIS (1 MTRO POR EQUIPO),0,"002-066",
615,51,MEMBRANA PARA WM-35WB CLASSIC,CH4468-CL,"1",,,,,,,,,VEJIGA DE RECAMBIO PARA WELLMATE 35 DE 119 GALONES,0,"004-041",
616,78,VALVULA FLECK 5600 P/FILTRO,"610004","1",,,,,,,,,VALVULA PARA TREN DE FILTRADO; CARBON ETC.,0,"004-042",
617,19,"VALVULA ESFERA CM 1/4"" A RH 3/8"" - PLASTICO","Elbow1l4 BSPF-9.52mm, 1 pc","1",,,,,,,,,"",0,"001-049",
618,66,"SUAVIZADOR 12"" X 48"" VALVULA 604 TIMER DIGITAL MEDIDOR","631054","1",,,,,,,,,"INCLUYE: 
VALVULA DE CONTROL AUTOMATICA MEDIDORA
TANQUE AZUL EN FIBRA DE VIDRIO
RESINA CATIONICA AQUEX PRO
TANQUE DE SALMUERA CON TUBO ALETADO, FLOTADOR, CHECK DE AIRE, PARILLA Y MANGUERA DE 3/8"".",0,"011-002",
619,47,LAMPARA UV 12W,R-PKUV 12W,"1",,,,,,,,,"",0,"005-010",
620,37,MANGA DE CUARZO LAMPARA 12W,R-PKCUARZO-1,"1",,,,,,,,,MANGA DE CUARZO PARA FOCO PURIKOR,0,"",
621,66,SAL 20 KILOS 1 SACO - CRISTALES PREMIUN,CRISTALES PREMIUN,"1",,,,,,,,,"",0,"011-007",
622,80,CARCASA PARA LAMPARA UV 12 WATTS ,HG-UV-I GPM,"1",,,,,,,,,DESINFECCION CON LAMPARA UV I GPM 12W HIDROGREEN,0,"005-006",
623,30,CASE CONTROL DE NIVEL VACIAS,IDM,"1",,,,,,,,,CAJAS VACIAS PARA CONTROL DE NIVEL,0,"009-016",
624,51,MEMBRANA MERLIN,"631750","1",,,,,,,,,"800 GAL",0,"004-050",
625,10,PREFILTRO DE CARBON MERLIN,"631751","1",,,,,,,,,"",0,"004-051",
626,10,PREFILTRO DE SEDIMENTOS 10 MIC. PARA EL MERLIN,"631753","1",,,,,,,,,"",0,"004-052",
627,10,POSTFILTRO DE CARBON MERLIN,"631752","1",,,,,,,,,"",0,"004-053",
628,50,CABEZAL PRF-RO MERLIN,"631743","1",,,,,,,,,"",0,"004-054",
629,66,"TIMER ASSY, NXT2","683616","1",,,,,,,,,CODIGO PENTAIR 62115,0,"004-055",
630,66,"MEDIDOR DE 2"" NPT, RANGO ESTANDAR, TAPA UNIVERSAL, EN ACERO INOXIDABLE","601866","1",,,,,,,,,"",0,"004-056",
631,66,KIT DE CONVERSION NXT A NXT2,"683617","1",,,,,,,,,"",0,"004-057",
632,78,"VALVULA ESFERA DE RETENCION 2CM 1/4"" - PLASTICO","2 VIAS","1",,,,,,,,,"",0,"",
633,12,DOSIFICADORA CLORO 110V 7.2 L/H,FH1457 - 07005,"1",,,,,,,,,"",0,"003-014",
634,11,"VALVULA ESFERA RM 1/2"" A RH 1/2"" LATON PLATEADO","2 VIAS","1",,,,,,,,,VALVULA ESFERA ,0,"001-072",
635,36,HOLDER DE BOMBA DE AGUA PARA REEMPLAZO FRESHPOINT,IDM,"1",,,,,,,,,HOLDER DE BOMBA DE AGUA PARA REEMPLAZO FRESHPOINT,0,"003-015",
636,12,BOMBA DE AGUA DIAFRAGMA DE 24V 3.5 LITROS POR MINUTO,"3.5 L/M -  FL-5206","1",,,,,,,,,"Bomba de agua de diafragma eléctrica, interruptor automático, lavado agrícola de alta presión, 12V/24V, 36W, 2-3,5 l/min",0,"003-016",
637,20,"LLAVE DE GANSO 1/4"" CON PANTALLA TDS",TDS Faucet,"1",,,,,,,,,"Purificador de agua de acero inoxidable 304, pantalla de valor TDS para el hogar, grifo inteligente de 1/4 "", 3/8"", 24V, pantalla táctil, grifo de agua",0,"012-006",
638,34,FUENTE DE ALIMENTACION 120V AC/ 24 VDC 1.5A,"607666","1",,,,,,,,,ESTAS BOMBA LAS TRAEN LOS OSMOSIS DE NOVEM,0,"002-076",
639,78,KIT DEL PISTON SUPERIOR 2900S,RF61540,"1",,,,,,,,,VALVULA 2900S,0,"004-059",
640,78,KIT DEL PISTON INFERIOR VALVULA 2900S,RF61550,"1",,,,,,,,,"",0,"004-060",
641,78,KIT DE SELLOS Y ESPACIADORES SUPERIOR 2900S,RF61530,"1",,,,,,,,,"",0,"004-061",
642,78,KIT DE SELLOS Y ESPACIADORES 2900,"681674","1",,,,,,,,,INFERIOR,0,"004-062",
643,19,"CONECTOR CM 3/8"" A TO 3/8"" LINEAL - PLASTICO","1066","1",,,,,,,,,"CONECTOR CM 3/8"" A TO 3/8"" LINEAL - PLASTICO",0,"001-096",
644,84,SISTEMA DE PRESIÓN ESYBOX 2.1HP 220V 60 Hz NPT,SKU E.SYBOX220,"1",,,,,,,,,SISTEMA DE PRESIÓN E.SYBOX 2.1HP 220V 60 Hz NPT,0,"030-001",
645,66,"SUAVIZADOR 14"" X 65"" VALVULA 604 TIMER DIGITAL MEDIDOR","631056","1",,,,,,,,,"SUAVIZADOR 14"" X 65"" VALVULA 604 TIMER DIGITAL MEDIDOR",0,"011-008",
646,12,BOMBA DOMINATOR 1HP 30GPM 1/60/220V,"30MD10221","1",,,,,,,,,"",0,"003-017",
647,25,"VALVULA ESFERA 2 CM 1/4"" CON RESTRICTOR","","1",,,,,,,,,"",0,"001-034",
648,76,"CONECTOR 2 RM 1/2"" LINEAL PVC","","1",,,,,,,,,"",0,"001-102",
649,10,"FILTROS MERUS SIBRAPE 19"" CON VAL DE 1 1/2""","110502","1",,,,,,,,,"",0,"004-063",
650,12,"MOTOBOMBA AERIS ll 1HP,  110/220V","111072","1",,,,,,,,,BOMBA CIRCULATORIA,0,"003-018",
651,12,SOPLADOR SILENCER 2 HP;220V,"118535","1",,,,,,,,,"",0,"003-019",
652,10,ARFENA SILICA 20-30 BULTO 50 KGS,"800022","2",,,,,,,,,ELEMENTO FILTRANTE,0,"011-009",
653,10,ZEOLITA CRYSTALUM SACO 1PIE3 (21KG),"800030","2",,,,,,,,,ELEMENTO FILTRANTE,0,"011-010",
654,13,TANQUE PRESURIZADO PROFORT 50 GAL VERTICAL,TS50-13,"1",,,,,,,,,"",0,"007-016",
655,8,"MANGUERA POLIETILENO 1/2"" GRADO ALIMENTICIO NSF HIDROFIT","","3",,,,,,,,,"",0,"008-009",
656,84,SISTEMA DE PRESIÓN ESYBOX MINI 850W 115/220V 50/60Hz NPT IPX4,E.SYBOXMINI,"1",,,,,,,,,SISTEMA DE PRESIÓN E.SYBOX MINI 850W 115/220V 50/60Hz NPT IPX4,0,"030-002",
657,66,"SUAVIZADOR 13"" X 54"" VALVULA FLECK 9100 TWIN","651394","1",,,,,,,,,"",0,"011-011",
658,13,TANQUE PRESURIZADO PROFORT 35 GAL VERTICAL,TS35-11,"1",,,,,,,,,"",0,"007-017",
659,85,RED SACA-HOJAS ECONOMICA,"203020","1",,,,,,,,,"",0,"013-001",
660,85,"MANGUERA BO'SUN 30' (9 MTS) X 1 1/2""","201015","1",,,,,,,,,"",0,"013-002",
661,85,BARREDORA FLEXIBLE DE 8 RUEDAS,"200525","1",,,,,,,,,"",0,"013-003",
662,85,MANERAL TELESCOPICO DE 5' A 15' DE 3 SECCIONES,"201510","1",,,,,,,,,"",0,"013-004",
663,85,"MOTOBOMBA AERIS II 1 HP, 110V/220V","111072","1",,,,,,,,,"",0,"013-005",
664,11,"LLAVE ANGULAR 1/2"", COMPACTA 1/4 DE VUELTA",TANG01BL,"1",,,,,,,,,"",0,"001-104",
665,12,BOMBA MINI 24V 800L/H,SHX800,"1",,,,,,,,,"Bomba de agua sumergible portátil para el hogar, Motor sin escobillas, ultrasilencioso, 800L/H, 5M, CC de 12V y 24V, para sistema de refrigeración, calentador de fuentes Mini",0,"003-020",
666,78,VALVULA DE PRESION NEGATIVA,"2TO 1/4","1",,,,,,,,,"Purificador de agua, tetera de mesa de té, conexión directa, válvula de bombeo de suministro de agua automática, pieza de válvula de presión negativa de admisión de barra de té",0,"001-105",
667,19,"CONECTOR CM 1/2"" A CM 3/8"" - LINEAL PLASTICO","12.7mm-9.52mm","1",,,,,,,,,"",0,"001-106",
668,18,"CODO CM 1/2"" A RH 1/2"" - PLASTICO", 12.7mm-1I2 Female,"1",,,,,,,,,"",0,"001-107",
669,18,"CODO CM 1/2"" A RM 3/8"" - PLASTICO","12.7mm-3I8 Male","1",,,,,,,,,"",0,"001-108",
670,18,"CODO 2CM 1/2"" - PLASTICO","12.7mm-12.7mm Elbow","1",,,,,,,,,"",0,"001-109",
671,19,"CONECTOR CM 1/2"" A RM 3/8"" - LINEAL PLASTICO","12.7mm-3I8 Male","1",,,,,,,,,"",0,"001-110",
672,18,"CODO CM 1/2"" A TO 1/2"" - PLASTICO","12.7mm-12.7mm","1",,,,,,,,,"",0,"001-111",
673,18,"CODO CM 1/4"" A RH 1/2"" - PLASTICO","6.35mm-DN15 Female","1",,,,,,,,,"",0,"001-022",
674,14,"TEE 3CM 1/2"" - PLASTICO","12.7mm-12.7mm-12.7mm","1",,,,,,,,,"",0,"001-113",
675,19,"CONECTOR CM 1/2"" A RM 1/2"" - PLASTICO","12.7mm-1I2 Male","1",,,,,,,,,"",0,"001-114",
676,19,"CONECTOR 2CM 1/2"" - LINEAL PLASTICO","12.7mm-12.7mm","1",,,,,,,,,"",0,"001-115",
677,18,"CODO CM 1/2"" A CM 3/8"" - PLASTICO ","12.7mm-9.52mm Elbow ","1",,,,,,,,,"",0,"001-116",
678,14,"TEE 2CM 1/2"" A CM 1/4"" - LINEAL PLASTICO","6.35mm-12.7mm-12.7mm","1",,,,,,,,,"",0,"001-117",
679,78,"VALVULA ESFERA 2CM  1/2"" - PLASTICO","12.7mm-12.7mm","1",,,,,,,,,"",0,"001-118",
680,18,"CODO 2TO 3/8"" - PLASTICO",L-3l8 Plug -3l8 Plug,"1",,,,,,,,,"",0,"001-119",
681,14,"TEE 2CM 1/2"" A CM 3/8"" - LINEAL PLASTICO","9.52mm-12.7mm-12.7mm","1",,,,,,,,,"",0,"001-120",
682,23,"YEE 3CM 1/2"" - PLASTICO","12.7mm-12.7mm-12.7mm","1",,,,,,,,,"",0,"001-121",
683,19,"CONECTOR CM 1/2"" A CM 1/4"" - LINEAL PLASTICO","12.7mm-6.35mm","1",,,,,,,,,"",0,"001-122",
684,18,"CODO CM 1/2"" A RM 1/2"" - PLASTICO","12.7mm-1I2 Male","1",,,,,,,,,"",0,"001-123",
685,19,"CONECTOR CM 1/2"" A RH 1/2"" - PLASTICO","12.7mm-1I2 Female","1",,,,,,,,,"",0,"001-124",
686,47,FOCO PARA UV STERILIGHT SC-600,"654268","1",,,,,,,,,FOCO PARA UV STERILIGHT SC-600,0,"005-011",
687,14,"TEE 2CM 1/4"" A CM 3/8"" - LINEAL PLASTICO","6.35mm-9.52mm-6.35mm","1",,,,,,,,,"",0,"001-100",
688,78,--,"","1",,,,,,,,,"VALVULA ESFERA CM 1/4"" A RH 3/8"" - PLASTICO",0,"001-999",
689,49,FILTRO ACERO INOXIDABLE DESCALCIFICADOR T45-1C,T45-1C,"1",,,,,,,,,https://es.aliexpress.com/item/1005007130313435.html?spm=a2g0o.order_detail.order_detail_item.4.5e7139d3zrYYBm&gatewayAdapt=glo2esp,0,"006-013",
690,49,REPUESTO RELLENABLE DESCALCIFICADOR T45-1C,T45-1C,"1",,,,,,,,,"",0,"006-014",
691,42,"SOLENOIDE 12V 2CM 1/4""","12V","1",,,,,,,,,"",0,"002-077",
692,20,"GRIFO PARA BEBER DIRECTO PURIFICADOR DE AGUA CON TAZA DE EMPUJE 370MM de 1/2""","370mm","1",,,,,,,,,https://es.aliexpress.com/item/1005007139969248.html?spm=a2g0o.order_list.order_list_main.178.1759194dtfBjUB&gatewayAdapt=glo2esp,0,"012-007",
693,12,BOMBA SUMERGIBLE PARA CISTERNA 20GPM 115V1 HP,"20BHP10121","1",,,,,,,,,"",0,"003-021",
694,86,VARIADOR ACTIDRIVER PLUS 1.8KW 115/230V 1F,ACTIDRIVER-1.8MM,"1",,,,,,,,,"",0,"030-004",
695,87,MEDIA FILTRANTE AFM GRADO 1,"800051","1",,,,,,,,,BOLSA 55 LIBRAS,0,"004-064",
696,87,MEDIA FILTRANTE AFM GRADO 2,"800052","1",,,,,,,,,"",0,"004-065",
697,1,DISPENSADOR DE AGUA WHIRPOOL WK5915BD,WK5915BD,"1",,,,,,,,,"",0,"010-004",
698,56,CONTROLADOR PARA UV STERILIGHT COBALTO,"654270","1",,,,,,,,,"",0,"005-012",
699,77,RESINA CATIONICA C-100E PIE CUB (PUROLITE),"601150","2",,,,,,,,,"",0,"014-003",
700,66,VALVULA 9500 TWIN SUAVIZADOR,V9500SXT,"1",,,,,,,,,"",0,"011-012",
701,66,VALVULA 604 P/SUAVIZADOR MEDIDOR,"610401","1",,,,,,,,,"",0,"011-015",
702,10,MATERIAL FILTRANTE GLASS,"","2",,,,,,,,,"",0,"011-016",""
703,13,TANQUE PRESURIZADO FIBRA DE VIDRIO WELL MATE 87 GAL VERTICAL,WM-25WB,"1",,,,,,,,,"",0,"007-018",""
704,13,TANQUE PRESURIZADO FIBRA DE VIDRIO WELL MATE 120 GAL VERTICAL,WM-35WB,"1",,,,,,,,,"",0,"007-019",
705,13,TANQUE PRESURIZADO FLEXLITE 50 GAL,FL-17,"1",,,,,,,,,"",0,"007-020",""
706,13,TANQUE PRESURIZADO FIBRA DE VIDRIO WELL MATE 47 GAL VERTICAL,WM-14WB,"1",,,,,,,,,"",0,"007-021",""
707,10,"FILTRO 10 MICRAS (PP) DE 2.5"" X 20""","607859","1",,,,,,,,,POLYSPUN,0,"004-067","PP-10M2.5*20"""
708,10,"FILTRO 20 MICRAS (PP) DE 2.5"" X 20""","607860","1",,,,,,,,,POLYSPUN,0,"004-068","PP-20M2.5*20"""
709,12,"BOMBA PP4"" COMPLETA SERIE ARENKA 2W 1HP 25GPM 6ETAPAS 1/60/220V","2FG102-25","1",,,,,,,,,"",0,"003-022",BOMBA 1HP 220V
710,55,CONECTOR TERMOCONTRÁCTIL PARA CABLE AWG10-14,BSKEH50344,"1",,,,,,,,,TERMOENCOGIBLES # 10-14,0,"031-002",""
711,10,CARTUCHO ALCALINIZADOR EN LINEA,BIO - NCR102 OR - ALK,"1",,,,,,,,,"",0,"004-069",ALK
712,20,"REPUESTO FLEXIBLE LLAVE GANSO 1/4"" - CROMADO",FLEXIBLE,"1",,,,,,,,,"",0,"012-008",""
713,80,CARCASA SNOW BAR 800 GPD,"607820","1",,,,,,,,,ESTE CODIGO ES DE VENTA COMPLETA DE LA OSMOSIS SEPARAR LOS FILTROS,0,"004-070",SNOW BAR
714,10,"FILTRO PCB, PP Y CARBON BLOCK PARA SNOW BAR","607822","1",,,,,,,,,"ESTOS FILTRO NO SE ENCUENTRAN EN LA PAGINA DE NOVEM, HAY QUE HACER EL PEDIDO CON EL VENDEDOR",0,"004-071",FILTRO PCB 800 GPD
715,10,MEMBRANA DE OSMOSIS INVERSA PARA SNOW BAR,"607823","1",,,,,,,,,ESTA PIEZA NO SE ENCUENTRA EN LA PAGINA DE NOVEM PEDIRLA CON EL VENDEDOR,0,"004-072",MEMBRANA 800 GPD SB
716,34,FUENTE DE ALIMENTACION 120V AC/ 24 VDC 3.5A,"","1",,,,,,,,,"",0,"002-068",FA 3.5 A
